batch_size,context_length,heads_per_program,num_warps,production_median_ms,candidate_median_ms,speedup,unique_kv_bytes,estimated_kv_read_bytes,estimated_read_amplification,unique_kv_gbps,estimated_kv_gbps,max_abs_error,status,error
1,128,1,4,0.04031999967992306,0.044895999133586884,0.8980755625897074,131072,786432,6,2.9194583599754322,17.516750159852595,5.960464477539063e-08,ok,
1,128,1,8,0.04031999967992306,0.04249599948525429,0.9487951846835304,131072,786432,6,3.084337386757564,18.506024320545382,5.960464477539063e-08,ok,
1,128,2,4,0.04031999967992306,0.052112000063061714,0.7737181384543113,131072,393216,3,2.515198031957847,7.545594095873539,5.960464477539063e-08,ok,
1,128,2,8,0.04031999967992306,0.04886399954557419,0.8251473488640166,131072,393216,3,2.6823837839502382,8.047151351850713,5.960464477539063e-08,ok,
1,128,3,4,0.04031999967992306,0.062192000448703766,0.6483148859824692,131072,262144,2,2.107537931797334,4.215075863594668,5.960464477539063e-08,ok,
1,128,3,8,0.04031999967992306,0.05632000043988228,0.7159090796343633,131072,262144,2,2.327272709095774,4.654545418191548,5.960464477539063e-08,ok,
1,128,6,4,0.04031999967992306,0.09124799817800522,0.44187270389502037,131072,131072,1,1.4364369916839899,1.4364369916839899,5.960464477539063e-08,ok,
1,128,6,8,0.04031999967992306,0.07419199869036674,0.543454825205542,131072,131072,1,1.7666595092958277,1.7666595092958277,5.960464477539063e-08,ok,
1,512,1,4,0.07235199958086014,0.07827199995517731,0.9243663075211151,524288,3145728,6,6.698282914710689,40.18969748826414,4.76837158203125e-07,ok,
1,512,1,8,0.07235199958086014,0.07273600250482559,0.9947205935060842,524288,3145728,6,7.208094780369827,43.248568682218966,0.0,ok,
1,512,2,4,0.07235199958086014,0.11268800124526024,0.642055931255621,524288,1572864,3,4.652562776926988,13.957688330780968,4.76837158203125e-07,ok,
1,512,2,8,0.07235199958086014,0.0944960005581379,0.7656620296469178,524288,1572864,3,5.548255978065823,16.64476793419747,0.0,ok,
1,512,3,4,0.07235199958086014,0.15168000012636185,0.4770042162485826,524288,1048576,2,3.456540081508605,6.91308016301721,4.76837158203125e-07,ok,
1,512,3,8,0.07235199958086014,0.13040000200271606,0.5548466140311343,524288,1048576,2,4.020613435182921,8.041226870365842,0.0,ok,
1,512,6,4,0.07235199958086014,0.2747040092945099,0.2633816658398008,524288,524288,1,1.9085560540105235,1.9085560540105235,4.76837158203125e-07,ok,
1,512,6,8,0.07235199958086014,0.20134399831295013,0.3593452011835138,524288,524288,1,2.6039415348506996,2.6039415348506996,0.0,ok,
1,2048,1,4,0.21264000236988068,0.21715199947357178,0.9792219407851217,2097152,12582912,6,9.657530232666502,57.945181395999015,3.0517578125e-05,ok,
1,2048,1,8,0.21264000236988068,0.18915199488401413,1.1241753093868723,2097152,12582912,6,11.087125997724476,66.52275598634685,2.384185791015625e-07,ok,
1,2048,2,4,0.21264000236988068,0.3453280031681061,0.6157624068105687,2097152,6291456,3,6.072927711509987,18.21878313452996,3.0517578125e-05,ok,
1,2048,2,8,0.21264000236988068,0.2832319885492325,0.7507626644118228,2097152,6291456,3,7.404361388492899,22.213084165478698,2.384185791015625e-07,ok,
1,2048,3,4,0.21264000236988068,0.5097759962081909,0.41712439179470345,2097152,4194304,2,4.113869651766675,8.22773930353335,3.0517578125e-05,ok,
1,2048,3,8,0.21264000236988068,0.42312000691890717,0.5025524647683088,2097152,4194304,2,4.956399994581037,9.912799989162075,2.384185791015625e-07,ok,
1,2048,6,4,0.21264000236988068,0.9973759949207306,0.21319943878013714,2097152,2097152,1,2.1026694152255763,2.1026694152255763,3.0517578125e-05,ok,
1,2048,6,8,0.21264000236988068,0.7070720195770264,0.3007331593987878,2097152,2097152,1,2.965966608683689,2.965966608683689,2.384185791015625e-07,ok,
1,4096,1,4,0.3991840034723282,0.4020639955997467,0.9928369807818218,4194304,25165824,6,10.431931348997026,62.59158809398215,1.52587890625e-05,ok,
1,4096,1,8,0.3991840034723282,0.3468960076570511,1.150731039450215,4194304,25165824,6,12.090954947358687,72.54572968415214,1.52587890625e-05,ok,
1,4096,2,4,0.3991840034723282,0.6578399837017059,0.6068101869182462,4194304,12582912,3,6.375872710561608,19.127618131684827,1.52587890625e-05,ok,
1,4096,2,8,0.3991840034723282,0.5364640057086945,0.744102119106737,4194304,12582912,3,7.81842575711883,23.45527727135649,1.52587890625e-05,ok,
1,4096,3,4,0.3991840034723282,0.990479975938797,0.4030207709085421,4194304,8388608,2,4.234617662032544,8.469235324065089,1.52587890625e-05,ok,
1,4096,3,8,0.3991840034723282,0.8142399787902832,0.4902535049499732,4194304,8388608,2,5.151188972852302,10.302377945704604,1.52587890625e-05,ok,
1,4096,6,4,0.3991840034723282,1.9606559872627258,0.2035971664920318,4194304,4194304,1,2.1392350454378652,2.1392350454378652,1.52587890625e-05,ok,
1,4096,6,8,0.3991840034723282,1.3816159963607788,0.2889254355217309,4194304,4194304,1,3.0357957717976136,3.0357957717976136,1.52587890625e-05,ok,
1,8192,1,4,0.7727839946746826,0.7745279967784882,0.9977483033395056,8388608,50331648,6,10.83060655636843,64.98363933821058,7.62939453125e-06,ok,
1,8192,1,8,0.7727839946746826,0.6628319919109344,1.1658821603446723,8388608,50331648,6,12.655707784737082,75.93424670842249,7.62939453125e-06,ok,
1,8192,2,4,0.7727839946746826,1.285248041152954,0.6012722602412554,8388608,25165824,3,6.526839747193741,19.580519241581225,7.62939453125e-06,ok,
1,8192,2,8,0.7727839946746826,1.0396639704704285,0.7433016980717456,8388608,25165824,3,8.06857623064913,24.205728691947396,7.62939453125e-06,ok,
1,8192,3,4,0.7727839946746826,1.9461279511451721,0.39708796855825873,8388608,16777216,2,4.3104092899255875,8.620818579851175,7.62939453125e-06,ok,
1,8192,3,8,0.7727839946746826,1.5975199937820435,0.4837397952342103,8388608,16777216,2,5.251019100011648,10.502038200023296,7.62939453125e-06,ok,
1,8192,6,4,0.7727839946746826,3.890655994415283,0.19862562914427553,8388608,8388608,1,2.156090903960966,2.156090903960966,7.62939453125e-06,ok,
1,8192,6,8,0.7727839946746826,2.730639934539795,0.28300472167705365,8388608,8388608,1,3.0720300739371424,3.0720300739371424,7.62939453125e-06,ok,
1,16384,1,4,1.5140159726142883,1.5189279913902283,0.9967661279509082,16777216,100663296,6,11.045432104154147,66.27259262492487,1.9073486328125e-06,ok,
1,16384,1,8,1.5140159726142883,1.2947199940681458,1.1693771468355034,16777216,100663296,6,12.958180978795449,77.7490858727727,7.62939453125e-06,ok,
1,16384,2,4,1.5140159726142883,2.5352160930633545,0.5971940525136346,16777216,50331648,3,6.617667048542493,19.85300114562748,1.9073486328125e-06,ok,
1,16384,2,8,1.5140159726142883,2.0485759973526,0.7390577525905164,16777216,50331648,3,8.189696658401447,24.56908997520434,7.62939453125e-06,ok,
1,16384,3,4,1.5140159726142883,3.8631680011749268,0.39191046626857085,16777216,33554432,2,4.342864714891367,8.685729429782734,1.9073486328125e-06,ok,
1,16384,3,8,1.5140159726142883,3.163424015045166,0.47860039166854207,16777216,33554432,2,5.303498968272345,10.60699793654469,7.62939453125e-06,ok,
1,16384,6,4,1.5140159726142883,7.748928070068359,0.19538392393426,16777216,16777216,1,2.1651015273719008,2.1651015273719008,1.9073486328125e-06,ok,
1,16384,6,8,1.5140159726142883,5.427167892456055,0.278969805728476,16777216,16777216,1,3.0913390432090546,3.0913390432090546,7.62939453125e-06,ok,
8,128,1,4,0.03694400005042553,0.04395199939608574,0.8405533436031962,1048576,6291456,6,23.857299199302947,143.1437951958177,3.0517578125e-05,ok,
8,128,1,8,0.03694400005042553,0.042479999363422394,0.8696798635603639,1048576,6291456,6,24.68399283694155,148.10395702164928,6.103515625e-05,ok,
8,128,2,4,0.03694400005042553,0.05075199902057648,0.7279319192027738,1048576,3145728,3,20.660782239826137,61.98234671947841,3.0517578125e-05,ok,
8,128,2,8,0.03694400005042553,0.04787199944257736,0.7717246089698007,1048576,3145728,3,21.9037435705557,65.71123071166711,6.103515625e-05,ok,
8,128,3,4,0.03694400005042553,0.06280000135302544,0.5882802429055318,1048576,2097152,2,16.69706970395605,33.3941394079121,3.0517578125e-05,ok,
8,128,3,8,0.03694400005042553,0.05764800123870373,0.6408548302906651,1048576,2097152,2,18.189286314683308,36.378572629366616,6.103515625e-05,ok,
8,128,6,4,0.03694400005042553,0.09246399998664856,0.3995500957752217,1048576,1048576,1,11.340370307918867,11.340370307918867,3.0517578125e-05,ok,
8,128,6,8,0.03694400005042553,0.07436800003051758,0.4967728059819442,1048576,1048576,1,14.099827877174421,14.099827877174421,6.103515625e-05,ok,
8,512,1,4,0.0732479989528656,0.07999999821186066,0.9156000073760749,4194304,25165824,6,52.42880117187503,314.5728070312502,6.103515625e-05,ok,
8,512,1,8,0.0732479989528656,0.0716480016708374,1.0223313594896735,4194304,25165824,6,58.54041846511387,351.24251079068324,6.103515625e-05,ok,
8,512,2,4,0.0732479989528656,0.1109439991414547,0.6602249740382414,4194304,12582912,3,37.805595908366534,113.41678772509961,6.103515625e-05,ok,
8,512,2,8,0.0732479989528656,0.09564799815416336,0.7658079663602166,4194304,12582912,3,43.85145618248813,131.55436854746438,6.103515625e-05,ok,
8,512,3,4,0.0732479989528656,0.1552799940109253,0.4717156219603664,4194304,8388608,2,27.011232365869965,54.02246473173993,6.103515625e-05,ok,
8,512,3,8,0.0732479989528656,0.13038399815559387,0.5617867222130666,4194304,8388608,2,32.1688555293014,64.3377110586028,6.103515625e-05,ok,
8,512,6,4,0.0732479989528656,0.2752000093460083,0.2661627778535831,4194304,4194304,1,15.240929714964187,15.240929714964187,6.103515625e-05,ok,
8,512,6,8,0.0732479989528656,0.20110400021076202,0.3642294478284861,4194304,4194304,1,20.856392690370477,20.856392690370477,6.103515625e-05,ok,
8,2048,1,4,0.21556799858808517,0.21985599398612976,0.980496345265369,16777216,100663296,6,76.3100231920829,457.86013915249737,3.0517578125e-05,ok,
8,2048,1,8,0.21556799858808517,0.19233600050210953,1.1207886096483577,16777216,100663296,6,87.22868291012419,523.3720974607451,6.103515625e-05,ok,
8,2048,2,4,0.21556799858808517,0.34672001004219055,0.6217350955944361,16777216,50331648,3,48.38836961835133,145.16510885505397,3.0517578125e-05,ok,
8,2048,2,8,0.21556799858808517,0.2858240008354187,0.754198380674869,16777216,50331648,3,58.6977159054622,176.09314771638662,6.103515625e-05,ok,
8,2048,3,4,0.21556799858808517,0.5229600071907043,0.412207426235321,16777216,33554432,2,32.08126007593916,64.16252015187833,3.0517578125e-05,ok,
8,2048,3,8,0.21556799858808517,0.4259040057659149,0.506142219067471,16777216,33554432,2,39.39201269034572,78.78402538069145,6.103515625e-05,ok,
8,2048,6,4,0.21556799858808517,0.9981600046157837,0.21596537387917342,16777216,16777216,1,16.808142905363116,16.808142905363116,3.0517578125e-05,ok,
8,2048,6,8,0.21556799858808517,0.708048015832901,0.30445392652432646,16777216,16777216,1,23.695025796046313,23.695025796046313,6.103515625e-05,ok,
8,4096,1,4,0.5716000199317932,0.47092799842357635,1.2137737018083758,33554432,201326592,6,71.25172449360178,427.5103469616107,1.52587890625e-05,ok,
8,4096,1,8,0.5716000199317932,0.4135039895772934,1.3823325393211183,33554432,201326592,6,81.14657378348682,486.8794427009209,1.52587890625e-05,ok,
8,4096,2,4,0.5716000199317932,0.730783998966217,0.7821736939237737,33554432,100663296,3,45.91566324312906,137.74698972938717,1.52587890625e-05,ok,
8,4096,2,8,0.5716000199317932,0.6095999777317047,0.9376641089435277,33554432,100663296,3,55.04336159075104,165.1300847722531,1.52587890625e-05,ok,
8,4096,3,4,0.5716000199317932,1.1028960347175598,0.5182718968412775,33554432,67108864,2,30.42393021985335,60.8478604397067,1.52587890625e-05,ok,
8,4096,3,8,0.5716000199317932,0.8690880239009857,0.6577009511258839,33554432,67108864,2,38.60878423958448,77.21756847916896,1.52587890625e-05,ok,
8,4096,6,4,0.5716000199317932,2.0106719732284546,0.28428307926031227,33554432,33554432,1,16.688168158092445,16.688168158092445,1.52587890625e-05,ok,
8,4096,6,8,0.5716000199317932,1.4179360270500183,0.40312116275160403,33554432,33554432,1,23.664277767036634,23.664277767036634,1.52587890625e-05,ok,
8,8192,1,4,1.1180320382118225,0.9102240204811096,1.228304255935669,67108864,402653184,6,73.72785434131788,442.36712604790733,7.62939453125e-06,ok,
8,8192,1,8,1.1180320382118225,0.7942560017108917,1.4076469498543178,67108864,402653184,6,84.49273767581494,506.9564260548897,7.62939453125e-06,ok,
8,8192,2,4,1.1180320382118225,1.420240044593811,0.7872134309039145,67108864,201326592,3,47.25177568077455,141.75532704232364,7.62939453125e-06,ok,
8,8192,2,8,1.1180320382118225,1.1740000247955322,0.9523270993171765,67108864,201326592,3,57.16257460189398,171.48772380568195,7.62939453125e-06,ok,
8,8192,3,4,1.1180320382118225,2.2344319820404053,0.50036521460406,67108864,134217728,2,30.03397039578646,60.06794079157292,7.62939453125e-06,ok,
8,8192,3,8,1.1180320382118225,1.743776023387909,0.6411557580884988,67108864,134217728,2,38.484795696190965,76.96959139238193,7.62939453125e-06,ok,
8,8192,6,4,1.1180320382118225,4.151087999343872,0.26933469933389526,67108864,67108864,1,16.166572236148053,16.166572236148053,7.62939453125e-06,ok,
8,8192,6,8,1.1180320382118225,2.8767199516296387,0.38864820247047904,67108864,67108864,1,23.328257574041356,23.328257574041356,7.62939453125e-06,ok,
8,16384,1,4,2.237007975578308,1.7835839986801147,1.2542207023800032,134217728,805306368,6,75.25170000365758,451.5102000219455,7.62939453125e-06,ok,
8,16384,1,8,2.237007975578308,1.551792025566101,1.4415642938764537,134217728,805306368,6,86.49208514332759,518.9525108599656,7.62939453125e-06,ok,
8,16384,2,4,2.237007975578308,2.8043999671936035,0.7976779352971212,134217728,402653184,3,47.85969532524039,143.57908597572117,7.62939453125e-06,ok,
8,16384,2,8,2.237007975578308,2.3131520748138428,0.9670821040844612,134217728,402653184,3,58.02373715995371,174.07121147986115,7.62939453125e-06,ok,
8,16384,3,4,2.237007975578308,4.460975885391235,0.5014615709768891,134217728,268435456,2,30.08707768170974,60.17415536341948,7.62939453125e-06,ok,
8,16384,3,8,2.237007975578308,3.454975962638855,0.6474742515631621,134217728,268435456,2,38.847658985588616,77.69531797117723,7.62939453125e-06,ok,
8,16384,6,4,2.237007975578308,8.071072101593018,0.27716367137109105,134217728,134217728,1,16.629479493004276,16.629479493004276,7.62939453125e-06,ok,
8,16384,6,8,2.237007975578308,5.718576192855835,0.3911826825658075,134217728,134217728,1,23.47047997151406,23.47047997151406,7.62939453125e-06,ok,
16,128,1,4,0.041728001087903976,0.04609600082039833,0.9052412431717627,2097152,12582912,6,45.49531331733168,272.97187990399004,0.000244140625,ok,
16,128,1,8,0.041728001087903976,0.04604800045490265,0.9061848652640306,2097152,12582912,6,45.54273756259746,273.2564253755848,0.000244140625,ok,
16,128,2,4,0.041728001087903976,0.052000001072883606,0.8024615428260796,2097152,6291456,3,40.32984532174557,120.98953596523674,0.000244140625,ok,
16,128,2,8,0.041728001087903976,0.04779200069606304,0.8731168496852948,2097152,6291456,3,43.88081623401794,131.64244870205383,0.000244140625,ok,
16,128,3,4,0.041728001087903976,0.06275200098752975,0.6649668605180619,2097152,4194304,2,33.4196833088518,66.8393666177036,0.000244140625,ok,
16,128,3,8,0.041728001087903976,0.057231999933719635,0.7291026197971269,2097152,4194304,2,36.64299696723356,73.28599393446711,0.000244140625,ok,
16,128,6,4,0.041728001087903976,0.09544000029563904,0.43721710979301687,2097152,2097152,1,21.97351208616693,21.97351208616693,0.000244140625,ok,
16,128,6,8,0.041728001087903976,0.07417599856853485,0.5625539513209171,2097152,2097152,1,28.272649380814713,28.272649380814713,0.000244140625,ok,
16,512,1,4,0.08873599767684937,0.08851200342178345,1.0025306652929153,8388608,50331648,6,94.77367674106337,568.6420604463802,6.103515625e-05,ok,
16,512,1,8,0.08873599767684937,0.08441599830985069,1.0511751262022873,8388608,50331648,6,99.37225369543624,596.2335221726174,6.103515625e-05,ok,
16,512,2,4,0.08873599767684937,0.11076800152659416,0.8010977579616695,8388608,25165824,3,75.73132930439291,227.19398791317874,6.103515625e-05,ok,
16,512,2,8,0.08873599767684937,0.09588799998164177,0.9254129577615375,8388608,25165824,3,87.48339731359545,262.45019194078634,6.103515625e-05,ok,
16,512,3,4,0.08873599767684937,0.1547520011663437,0.5734077556868981,8388608,16777216,2,54.206782056298216,108.41356411259643,6.103515625e-05,ok,
16,512,3,8,0.08873599767684937,0.12985600531101227,0.6833415017220172,8388608,16777216,2,64.59930736286569,129.19861472573137,6.103515625e-05,ok,
16,512,6,4,0.08873599767684937,0.28699199855327606,0.30919328108158656,8388608,8388608,1,29.229414207667435,29.229414207667435,6.103515625e-05,ok,
16,512,6,8,0.08873599767684937,0.2016799971461296,0.4399841279874407,8388608,8388608,1,41.59365390074821,41.59365390074821,6.103515625e-05,ok,
16,2048,1,4,0.3168160021305084,0.27139200270175934,1.1673741266380162,33554432,201326592,6,123.63824897550113,741.8294938530069,3.0517578125e-05,ok,
16,2048,1,8,0.3168160021305084,0.25468799471855164,1.2439377147737671,33554432,201326592,6,131.74720715469937,790.4832429281962,3.0517578125e-05,ok,
16,2048,2,4,0.3168160021305084,0.37987200915813446,0.8340072300473793,33554432,100663296,3,88.33088827566614,264.9926648269984,3.0517578125e-05,ok,
16,2048,2,8,0.3168160021305084,0.31856000423431396,0.9945253576072822,33554432,100663296,3,105.33159076466906,315.99477229400713,3.0517578125e-05,ok,
16,2048,3,4,0.3168160021305084,0.5772639811038971,0.5488234369389613,33554432,67108864,2,58.12666838459961,116.25333676919922,3.0517578125e-05,ok,
16,2048,3,8,0.3168160021305084,0.45446398854255676,0.6971201461891875,33554432,67108864,2,73.83298313163905,147.6659662632781,3.0517578125e-05,ok,
16,2048,6,4,0.3168160021305084,1.0666080117225647,0.29703133545645577,33554432,33554432,1,31.459009899812976,31.459009899812976,3.0517578125e-05,ok,
16,2048,6,8,0.3168160021305084,0.7265919744968414,0.4360301424329669,33554432,33554432,1,46.18057063351979,46.18057063351979,3.0517578125e-05,ok,
16,4096,1,4,0.5974240005016327,0.5084480047225952,1.1749952698262274,67108864,402653184,6,131.9876631959919,791.9259791759514,3.0517578125e-05,ok,
16,4096,1,8,0.5974240005016327,0.4749760031700134,1.2577982814171564,67108864,402653184,6,141.28895681489612,847.7337408893768,1.52587890625e-05,ok,
16,4096,2,4,0.5974240005016327,0.7272160053253174,0.8215220733960293,67108864,201326592,3,92.28188531133759,276.84565593401277,3.0517578125e-05,ok,
16,4096,2,8,0.5974240005016327,0.6038880050182343,0.9892960210123624,67108864,201326592,3,111.12799632106233,333.38398896318694,1.52587890625e-05,ok,
16,4096,3,4,0.5974240005016327,1.1413440108299255,0.5234390287527924,67108864,134217728,2,58.79810413268998,117.59620826537996,3.0517578125e-05,ok,
16,4096,3,8,0.5974240005016327,0.8899839818477631,0.6712750034683496,67108864,134217728,2,75.40457510332962,150.80915020665924,1.52587890625e-05,ok,
16,4096,6,4,0.5974240005016327,2.1351360082626343,0.2798060630281619,67108864,67108864,1,31.43072091908874,31.43072091908874,3.0517578125e-05,ok,
16,4096,6,8,0.5974240005016327,1.4574559926986694,0.40990877494381456,67108864,67108864,1,46.04520777038297,46.04520777038297,1.52587890625e-05,ok,
16,8192,1,4,1.1920160055160522,0.982880026102066,1.212778745991394,134217728,805306368,6,136.55555554657525,819.3333332794514,3.0517578125e-05,ok,
16,8192,1,8,1.1920160055160522,0.9181919991970062,1.2982208585551993,134217728,805306368,6,146.17610272947107,877.0566163768265,3.0517578125e-05,ok,
16,8192,2,4,1.1920160055160522,1.4187360405921936,0.8401957597542201,134217728,402653184,3,94.60373470457286,283.81120411371865,3.0517578125e-05,ok,
16,8192,2,8,1.1920160055160522,1.174847960472107,1.014612993018302,134217728,402653184,3,114.24263608208952,342.72790824626856,3.0517578125e-05,ok,
16,8192,3,4,1.1920160055160522,2.267567992210388,0.5256803807475227,134217728,268435456,2,59.19016693703052,118.38033387406104,3.0517578125e-05,ok,
16,8192,3,8,1.1920160055160522,1.7451359629631042,0.6830505077049139,134217728,268435456,2,76.90961096928449,153.81922193856897,3.0517578125e-05,ok,
16,8192,6,4,1.1920160055160522,4.235919952392578,0.28140664103974977,134217728,134217728,1,31.68561481531059,31.68561481531059,3.0517578125e-05,ok,
16,8192,6,8,1.1920160055160522,2.884544014930725,0.41324243947953054,134217728,134217728,1,46.529963593994026,46.529963593994026,3.0517578125e-05,ok,
16,16384,1,4,2.3180959224700928,1.9336000084877014,1.198849768460185,268435456,1610612736,6,138.82677638688446,832.9606583213067,3.0517578125e-05,ok,
16,16384,1,8,2.3180959224700928,1.8141279816627502,1.2778017570433082,268435456,1610612736,6,147.96941489980426,887.8164893988255,3.0517578125e-05,ok,
16,16384,2,4,2.3180959224700928,2.809424042701721,0.8251142893476714,268435456,805306368,3,95.54821626067361,286.64464878202085,3.0517578125e-05,ok,
16,16384,2,8,2.3180959224700928,2.3160480260849,1.0008842201725214,268435456,805306368,3,115.90237032077843,347.7071109623353,3.0517578125e-05,ok,
16,16384,3,4,2.3180959224700928,4.443840026855469,0.5216425227868551,268435456,536870912,2,60.40619247717366,120.81238495434732,3.0517578125e-05,ok,
16,16384,3,8,2.3180959224700928,3.4553120136260986,0.6708788998876601,268435456,536870912,2,77.68776160920312,155.37552321840624,3.0517578125e-05,ok,
16,16384,6,4,2.3180959224700928,8.442975997924805,0.2745591036904353,268435456,268435456,1,31.793938069464915,31.793938069464915,3.0517578125e-05,ok,
16,16384,6,8,2.3180959224700928,5.736223936080933,0.4041153114489195,268435456,268435456,1,46.796544031612335,46.796544031612335,3.0517578125e-05,ok,
32,128,1,4,0.04660800099372864,0.049984000623226166,0.9324583949383036,4194304,25165824,6,83.91293109201476,503.4775865520885,0.000244140625,ok,
32,128,1,8,0.04660800099372864,0.05115199834108353,0.9111667677760048,4194304,25165824,6,81.99687472681354,491.98124836088124,0.000244140625,ok,
32,128,2,4,0.04660800099372864,0.05663999915122986,0.8228813858080118,4194304,12582912,3,74.05197851082464,222.15593553247393,0.000244140625,ok,
32,128,2,8,0.04660800099372864,0.05539199896156788,0.8414211775615146,4194304,12582912,3,75.72039425603859,227.1611827681158,0.000244140625,ok,
32,128,3,4,0.04660800099372864,0.06278400123119354,0.7423547413313308,4194304,8388608,2,66.80529940350641,133.61059880701282,0.000244140625,ok,
32,128,3,8,0.04660800099372864,0.05729600042104721,0.8134599387605348,4194304,8388608,2,73.20413238581409,146.40826477162818,0.000244140625,ok,
32,128,6,4,0.04660800099372864,0.09622399881482124,0.48436982008431845,4194304,4194304,1,43.58895963232363,43.58895963232363,0.000244140625,ok,
32,128,6,8,0.04660800099372864,0.07488000020384789,0.6224359090123717,4194304,4194304,1,56.01367506118765,56.01367506118765,0.000244140625,ok,
32,512,1,4,0.10516799986362457,0.09912000223994255,1.061016923799512,16777216,100663296,6,169.26165880613004,1015.5699528367802,6.103515625e-05,ok,
32,512,1,8,0.10516799986362457,0.10345599800348282,1.0165481160414123,16777216,100663296,6,162.16764927863534,973.005895671812,6.103515625e-05,ok,
32,512,2,4,0.10516799986362457,0.12470399960875511,0.8433410331150359,16777216,50331648,3,134.53631040413015,403.60893121239036,6.103515625e-05,ok,
32,512,2,8,0.10516799986362457,0.12009599804878235,0.8756994535397082,16777216,50331648,3,139.69837690332682,419.0951307099805,6.103515625e-05,ok,
32,512,3,4,0.10516799986362457,0.1552319973707199,0.6774891880857904,16777216,33554432,2,108.07833619465198,216.15667238930396,6.103515625e-05,ok,
32,512,3,8,0.10516799986362457,0.13094400614500046,0.8031524539364338,16777216,33554432,2,128.12511617692374,256.2502323538475,6.103515625e-05,ok,
32,512,6,4,0.10516799986362457,0.28787200152873993,0.36532903271291234,16777216,16777216,1,58.28012419028196,58.28012419028196,6.103515625e-05,ok,
32,512,6,8,0.10516799986362457,0.20204799622297287,0.5205099868823493,16777216,16777216,1,83.0357950270651,83.0357950270651,6.103515625e-05,ok,
32,2048,1,4,0.35153599083423615,0.30616000294685364,1.1482100452398394,67108864,402653184,6,219.19539898766413,1315.1723939259846,6.103515625e-05,ok,
32,2048,1,8,0.35153599083423615,0.3196159899234772,1.0998698498107098,67108864,402653184,6,209.96716721233906,1259.8030032740342,3.0517578125e-05,ok,
32,2048,2,4,0.35153599083423615,0.4357919991016388,0.8066600386397829,67108864,201326592,3,153.9928776534246,461.97863296027384,6.103515625e-05,ok,
32,2048,2,8,0.35153599083423615,0.3858560025691986,0.9110548714897663,67108864,201326592,3,173.922042298577,521.766126895731,3.0517578125e-05,ok,
32,2048,3,4,0.35153599083423615,0.5830080211162567,0.6029693899599657,67108864,134217728,2,115.10796004403159,230.21592008806317,6.103515625e-05,ok,
32,2048,3,8,0.35153599083423615,0.46347200870513916,0.758483757878641,67108864,134217728,2,144.79593748820037,289.59187497640073,3.0517578125e-05,ok,
32,2048,6,4,0.35153599083423615,1.0891679525375366,0.3227564582810482,67108864,67108864,1,61.61479856586873,61.61479856586873,6.103515625e-05,ok,
32,2048,6,8,0.35153599083423615,0.7471040189266205,0.4705315216203696,67108864,67108864,1,89.82532860205552,89.82532860205552,3.0517578125e-05,ok,
32,4096,1,4,0.6770559847354889,0.5763999819755554,1.1746287402975704,134217728,805306368,6,232.85519118161952,1397.131147089717,3.0517578125e-05,ok,
32,4096,1,8,0.6770559847354889,0.6239519715309143,1.0851091360033367,134217728,805306368,6,215.10906948604784,1290.6544169162871,3.0517578125e-05,ok,
32,4096,2,4,0.6770559847354889,0.8483839929103851,0.7980537002034247,134217728,402653184,3,158.20398442404064,474.61195327212204,3.0517578125e-05,ok,
32,4096,2,8,0.6770559847354889,0.7549600005149841,0.8968104062117804,134217728,402653184,3,177.78124391814862,533.3437317544459,3.0517578125e-05,ok,
32,4096,3,4,0.6770559847354889,1.1421120166778564,0.5928104904323575,134217728,268435456,2,117.5171314547664,235.0342629095328,3.0517578125e-05,ok,
32,4096,3,8,0.6770559847354889,0.891072005033493,0.7598218560463474,134217728,268435456,2,150.62500812709865,301.2500162541973,3.0517578125e-05,ok,
32,4096,6,4,0.6770559847354889,2.143072009086609,0.3159277811780363,134217728,134217728,1,62.62865990079562,62.62865990079562,3.0517578125e-05,ok,
32,4096,6,8,0.6770559847354889,1.4586719870567322,0.4641591740591616,134217728,134217728,1,92.01364610478385,92.01364610478385,3.0517578125e-05,ok,
32,8192,1,4,1.30867201089859,1.1215360164642334,1.166856874578423,268435456,1610612736,6,239.3462644617268,1436.0775867703608,1.52587890625e-05,ok,
32,8192,1,8,1.30867201089859,1.2201759815216064,1.0725272671460273,268435456,1610612736,6,219.99732830771725,1319.9839698463038,1.52587890625e-05,ok,
32,8192,2,4,1.30867201089859,1.6392320394515991,0.7983445780723045,268435456,805306368,3,163.75683828739975,491.2705148621992,1.52587890625e-05,ok,
32,8192,2,8,1.30867201089859,1.498095989227295,0.8735568483656324,268435456,805306368,3,179.1844167064733,537.55325011942,1.52587890625e-05,ok,
32,8192,3,4,1.30867201089859,2.2085119485855103,0.5925582660925868,268435456,536870912,2,121.54584727147406,243.09169454294812,1.52587890625e-05,ok,
32,8192,3,8,1.30867201089859,1.7476159930229187,0.7488327047379154,268435456,536870912,2,153.60093811894959,307.20187623789917,1.52587890625e-05,ok,
32,8192,6,4,1.30867201089859,4.25761604309082,0.3073720123312384,268435456,268435456,1,63.04830057083518,63.04830057083518,1.52587890625e-05,ok,
32,8192,6,8,1.30867201089859,2.887360095977783,0.4532417043241771,268435456,268435456,1,92.96916459223154,92.96916459223154,1.52587890625e-05,ok,
32,16384,1,4,2.783184051513672,2.2113280296325684,1.258602981655382,536870912,3221225472,6,242.78212223864674,1456.6927334318805,1.52587890625e-05,ok,
32,16384,1,8,2.783184051513672,2.430959939956665,1.1448909567647114,536870912,3221225472,6,220.84728883256318,1325.0837329953788,1.52587890625e-05,ok,
32,16384,2,4,2.783184051513672,3.2588160037994385,0.854047619831488,536870912,1610612736,3,164.74416210490702,494.2324863147211,1.52587890625e-05,ok,
32,16384,2,8,2.783184051513672,2.9715360403060913,0.9366146039497412,536870912,1610612736,3,180.671176360593,542.013529081779,1.52587890625e-05,ok,
32,16384,3,4,2.783184051513672,4.4390881061553955,0.6269720232978505,536870912,1073741824,2,120.9417112617242,241.8834225234484,1.52587890625e-05,ok,
32,16384,3,8,2.783184051513672,3.465232014656067,0.803173940371756,536870912,1073741824,2,154.93072606085968,309.86145212171937,1.52587890625e-05,ok,
32,16384,6,4,2.783184051513672,8.480639934539795,0.3281809006155739,536870912,536870912,1,63.305471773827115,63.305471773827115,1.52587890625e-05,ok,
32,16384,6,8,2.783184051513672,5.73855996131897,0.4849969452743987,536870912,536870912,1,93.55498864154131,93.55498864154131,1.52587890625e-05,ok,
64,128,1,4,0.06147199869155884,0.06244800053536892,0.9843709672776905,8388608,50331648,6,134.3294889841815,805.976933905089,0.0001220703125,ok,
64,128,1,8,0.06147199869155884,0.06860800087451935,0.8959887754780684,8388608,50331648,6,122.26865515790718,733.6119309474432,0.000244140625,ok,
64,128,2,4,0.06147199869155884,0.062272001057863235,0.987153096853897,8388608,25165824,3,134.70914467973003,404.1274340391901,0.0001220703125,ok,
64,128,2,8,0.06147199869155884,0.06950400024652481,0.8844382837465881,8388608,25165824,3,120.69244892734687,362.0773467820406,0.000244140625,ok,
64,128,3,4,0.06147199869155884,0.07156800106167793,0.8589313349492845,8388608,16777216,2,117.21171299406035,234.4234259881207,0.0001220703125,ok,
64,128,3,8,0.06147199869155884,0.08190399780869484,0.7505372184046557,8388608,16777216,2,102.42000664721489,204.84001329442978,0.000244140625,ok,
64,128,6,4,0.06147199869155884,0.0965919978916645,0.6364088126689801,8388608,8388608,1,86.84578622556789,86.84578622556789,0.0001220703125,ok,
64,128,6,8,0.06147199869155884,0.07497600093483925,0.8198890034823733,8388608,8388608,1,111.88390812268634,111.88390812268634,0.000244140625,ok,
64,512,1,4,0.16275200247764587,0.14801599830389023,1.0995568340085866,33554432,201326592,6,226.6946302055114,1360.1677812330686,6.103515625e-05,ok,
64,512,1,8,0.16275200247764587,0.17468799650669098,0.9316725002991952,33554432,201326592,6,192.08207015365699,1152.4924209219419,6.103515625e-05,ok,
64,512,2,4,0.16275200247764587,0.14982400089502335,1.086287921196823,33554432,100663296,3,223.95899054591706,671.8769716377511,6.103515625e-05,ok,
64,512,2,8,0.16275200247764587,0.18823999911546707,0.8645984022652552,33554432,100663296,3,178.25346450101497,534.760393503045,6.103515625e-05,ok,
64,512,3,4,0.16275200247764587,0.19457600265741348,0.8364443726609002,33554432,67108864,2,172.44897388029239,344.89794776058477,6.103515625e-05,ok,
64,512,3,8,0.16275200247764587,0.241007998585701,0.6752970998170927,33554432,67108864,2,139.2253875261665,278.450775052333,6.103515625e-05,ok,
64,512,6,4,0.16275200247764587,0.29052799940109253,0.560193863631561,33554432,33554432,1,115.49465824006846,115.49465824006846,6.103515625e-05,ok,
64,512,6,8,0.16275200247764587,0.20499199628829956,0.7939432047325028,33554432,33554432,1,163.68654682892713,163.68654682892713,6.103515625e-05,ok,
64,2048,1,4,0.5703839957714081,0.499439999461174,1.1420470855093159,134217728,805306368,6,268.7364411036404,1612.4186466218425,6.103515625e-05,ok,
64,2048,1,8,0.5703839957714081,0.6063359975814819,0.9407061399067891,134217728,805306368,6,221.35866670519303,1328.1520002311581,6.103515625e-05,ok,
64,2048,2,4,0.5703839957714081,0.49396800994873047,1.1546982482339472,134217728,402653184,3,271.7134010640297,815.1402031920891,6.103515625e-05,ok,
64,2048,2,8,0.5703839957714081,0.7506240010261536,0.7598797733507785,134217728,402653184,3,178.80820199795812,536.4246059938745,6.103515625e-05,ok,
64,2048,3,4,0.5703839957714081,0.7096959948539734,0.8037018665841139,134217728,268435456,2,189.12003022874117,378.24006045748234,6.103515625e-05,ok,
64,2048,3,8,0.5703839957714081,0.8941760063171387,0.6378878338736246,134217728,268435456,2,150.1021354317092,300.2042708634184,6.103515625e-05,ok,
64,2048,6,4,0.5703839957714081,1.0778560042381287,0.5291838552911139,134217728,134217728,1,124.52287455119797,124.52287455119797,6.103515625e-05,ok,
64,2048,6,8,0.5703839957714081,0.746783971786499,0.7637871423604649,134217728,134217728,1,179.72764958909968,179.72764958909968,6.103515625e-05,ok,
64,4096,1,4,1.1186879873275757,0.967168003320694,1.1566635615391017,268435456,1610612736,6,277.547907993594,1665.2874479615639,6.103515625e-05,ok,
64,4096,1,8,1.1186879873275757,1.2015359997749329,0.931048247857013,268435456,1610612736,6,223.4102482574657,1340.4614895447942,6.103515625e-05,ok,
64,4096,2,4,1.1186879873275757,0.9646880030632019,1.159637088649774,268435456,805306368,3,278.2614224989106,834.7842674967318,6.103515625e-05,ok,
64,4096,2,8,1.1186879873275757,1.4658880233764648,0.7631469590363641,268435456,805306368,3,183.12139243876013,549.3641773162803,6.103515625e-05,ok,
64,4096,3,4,1.1186879873275757,1.371664047241211,0.8155699564901195,268435456,536870912,2,195.7005846583911,391.4011693167822,6.103515625e-05,ok,
64,4096,3,8,1.1186879873275757,1.7543999552726746,0.6376470678567167,268435456,536870912,2,153.00698976493015,306.0139795298603,6.103515625e-05,ok,
64,4096,6,4,1.1186879873275757,2.123215913772583,0.5268837615953353,268435456,268435456,1,126.42871328287907,126.42871328287907,6.103515625e-05,ok,
64,4096,6,8,1.1186879873275757,1.4576319456100464,0.7674694498132612,268435456,268435456,1,184.1585983405809,184.1585983405809,6.103515625e-05,ok,
64,8192,1,4,2.2241599559783936,1.89164799451828,1.175778983417467,536870912,3221225472,6,283.81121305643205,1702.8672783385923,3.0517578125e-05,ok,
64,8192,1,8,2.2241599559783936,2.385711908340454,0.9322835453026518,536870912,3221225472,6,225.035935865977,1350.215615195862,3.0517578125e-05,ok,
64,8192,2,4,2.2241599559783936,1.9339359998703003,1.1500690592282046,536870912,1610612736,3,277.6053147756727,832.8159443270181,3.0517578125e-05,ok,
64,8192,2,8,2.2241599559783936,2.8973759412765503,0.767646312062098,536870912,1610612736,3,185.29556498058753,555.8866949417626,3.0517578125e-05,ok,
64,8192,3,4,2.2241599559783936,2.730847954750061,0.8144576310481403,536870912,1073741824,2,196.59494812450544,393.18989624901087,3.0517578125e-05,ok,
64,8192,3,8,2.2241599559783936,3.4765759706497192,0.639755890495536,536870912,1073741824,2,154.42519206610837,308.85038413221673,3.0517578125e-05,ok,
64,8192,6,4,2.2241599559783936,4.21230411529541,0.5280150471335122,536870912,536870912,1,127.45302744181116,127.45302744181116,3.0517578125e-05,ok,
64,8192,6,8,2.2241599559783936,2.8834720849990845,0.7713478370570387,536870912,536870912,1,186.18904437917263,186.18904437917263,3.0517578125e-05,ok,
64,16384,1,4,4.482880115509033,3.75055992603302,1.1952562294480096,1073741824,6442450944,6,286.2884063115612,1717.730437869367,3.0517578125e-05,ok,
64,16384,1,8,4.482880115509033,4.7363200187683105,0.9464901226574667,1073741824,6442450944,6,226.70381641129663,1360.2228984677797,3.0517578125e-05,ok,
64,16384,2,4,4.482880115509033,3.8474879264831543,1.16514468691437,1073741824,3221225472,3,279.0760736659329,837.2282209977985,3.0517578125e-05,ok,
64,16384,2,8,4.482880115509033,5.766607999801636,0.7773859634057385,1073741824,3221225472,3,186.19989845623897,558.599695368717,3.0517578125e-05,ok,
64,16384,3,4,4.482880115509033,5.424528121948242,0.8264092313155873,1073741824,2147483648,2,197.94197759903236,395.8839551980647,3.0517578125e-05,ok,
64,16384,3,8,4.482880115509033,6.918207883834839,0.6479828578126108,1073741824,2147483648,2,155.20519793990536,310.4103958798107,3.0517578125e-05,ok,
64,16384,6,4,4.482880115509033,8.383872032165527,0.5347028316164697,1073741824,1073741824,1,128.072305956065,128.072305956065,3.0517578125e-05,ok,
64,16384,6,8,4.482880115509033,5.728288173675537,0.7825863468444549,1073741824,1073741824,1,187.44549705693964,187.44549705693964,3.0517578125e-05,ok,
