batch_size,context_length,variant,kernel_family,heads_per_program,num_warps,num_stages,median_ms,speedup_vs_production_default,max_abs_error,status,error
1,128,production-default,production,,,,0.0457760002464056,1.0,0.0,ok,
1,128,production-w4-s2,production,,4,2,0.046160001307725906,0.9916810864289115,0.0,ok,
1,128,production-w8-s2,production,,8,2,0.05291200056672096,0.8651345584388364,0.0,ok,
1,128,candidate-h1-w4-s2,candidate,1,4,2,0.053647998720407486,0.8532657571249269,5.960464477539063e-08,ok,
1,128,candidate-h1-w8-s2,candidate,1,8,2,0.05313599854707718,0.8614875319572511,5.960464477539063e-08,ok,
1,128,candidate-h2-w4-s2,candidate,2,4,2,0.06483200192451477,0.7060710588530574,5.960464477539063e-08,ok,
1,128,candidate-h3-w4-s2,candidate,3,4,2,0.08017599955201149,0.5709439296320834,5.960464477539063e-08,ok,
1,128,candidate-h6-w4-s2,candidate,6,4,2,0.11415999755263329,0.400981089941778,5.960464477539063e-08,ok,
1,256,production-default,production,,,,0.056703999638557434,1.0,0.0,ok,
1,256,production-w4-s2,production,,4,2,0.058928001672029495,0.96225899452946,0.0,ok,
1,256,production-w8-s2,production,,8,2,0.07096000015735626,0.7990980765616452,9.5367431640625e-07,ok,
1,256,candidate-h1-w4-s2,candidate,1,4,2,0.0663359984755516,0.8547998212381761,6.103515625e-05,ok,
1,256,candidate-h1-w8-s2,candidate,1,8,2,0.06785599887371063,0.8356519774189957,6.103515625e-05,ok,
1,256,candidate-h2-w4-s2,candidate,2,4,2,0.08953600004315376,0.6333095024484872,6.103515625e-05,ok,
1,256,candidate-h3-w4-s2,candidate,3,4,2,0.12406400218605995,0.45705441255649576,6.103515625e-05,ok,
1,256,candidate-h6-w4-s2,candidate,6,4,2,0.18849600106477737,0.30082335603008836,6.103515625e-05,ok,
1,512,production-default,production,,,,0.08060800284147263,1.0,0.0,ok,
1,512,production-w4-s2,production,,4,2,0.08191999793052673,0.9839844345434827,0.0,ok,
1,512,production-w8-s2,production,,8,2,0.10680000111460686,0.7547565730357282,0.0,ok,
1,512,candidate-h1-w4-s2,candidate,1,4,2,0.0918239988386631,0.8778533265916981,4.76837158203125e-07,ok,
1,512,candidate-h1-w8-s2,candidate,1,8,2,0.08950399979948997,0.9006078278295219,0.0,ok,
1,512,candidate-h2-w4-s2,candidate,2,4,2,0.13707199692726135,0.5880705370058049,4.76837158203125e-07,ok,
1,512,candidate-h3-w4-s2,candidate,3,4,2,0.19777599722146988,0.4075722229892622,4.76837158203125e-07,ok,
1,512,candidate-h6-w4-s2,candidate,6,4,2,0.3345919996500015,0.24091431631895643,4.76837158203125e-07,ok,
1,1024,production-default,production,,,,0.12860800325870514,1.0,0.0,ok,
1,1024,production-w4-s2,production,,4,2,0.1292480006814003,0.9950482992439259,0.0,ok,
1,1024,production-w8-s2,production,,8,2,0.1794399991631508,0.716718701841789,9.5367431640625e-07,ok,
1,1024,candidate-h1-w4-s2,candidate,1,4,2,0.14255999773740768,0.9021324726421376,7.62939453125e-06,ok,
1,1024,candidate-h1-w8-s2,candidate,1,8,2,0.13743999600410461,0.9357392825801908,7.62939453125e-06,ok,
1,1024,candidate-h2-w4-s2,candidate,2,4,2,0.23399999737739563,0.5496068576927627,7.62939453125e-06,ok,
1,1024,candidate-h3-w4-s2,candidate,3,4,2,0.3537600040435791,0.3635459118856809,7.62939453125e-06,ok,
1,1024,candidate-h6-w4-s2,candidate,6,4,2,0.6284160017967224,0.2046542463766013,7.62939453125e-06,ok,
1,2048,production-default,production,,,,0.22288000583648682,1.0,0.0,ok,
1,2048,production-w4-s2,production,,4,2,0.2248160019516945,0.9913885306277102,0.0,ok,
1,2048,production-w8-s2,production,,8,2,0.3232639878988266,0.6894674760562646,3.0517578125e-05,ok,
1,2048,candidate-h1-w4-s2,candidate,1,4,2,0.2441440001130104,0.9129038835003899,3.0517578125e-05,ok,
1,2048,candidate-h1-w8-s2,candidate,1,8,2,0.23375999927520752,0.9534565645428857,2.384185791015625e-07,ok,
1,2048,candidate-h2-w4-s2,candidate,2,4,2,0.42691200971603394,0.5220748087755562,3.0517578125e-05,ok,
1,2048,candidate-h3-w4-s2,candidate,3,4,2,0.6678560078144073,0.3337246400850281,3.0517578125e-05,ok,
1,2048,candidate-h6-w4-s2,candidate,6,4,2,1.2159039974212646,0.18330395023717266,3.0517578125e-05,ok,
1,4096,production-default,production,,,,0.4156000018119812,1.0,0.0,ok,
1,4096,production-w4-s2,production,,4,2,0.41684800386428833,0.9970060980483586,0.0,ok,
1,4096,production-w8-s2,production,,8,2,0.6131519973278046,0.6778090972927098,1.52587890625e-05,ok,
1,4096,candidate-h1-w4-s2,candidate,1,4,2,0.4493120014667511,0.9249697325138897,1.52587890625e-05,ok,
1,4096,candidate-h1-w8-s2,candidate,1,8,2,0.4269919991493225,0.9733203494209796,1.52587890625e-05,ok,
1,4096,candidate-h2-w4-s2,candidate,2,4,2,0.8131840229034424,0.5110774315610596,1.52587890625e-05,ok,
1,4096,candidate-h3-w4-s2,candidate,3,4,2,1.2942559719085693,0.3211111332166529,1.52587890625e-05,ok,
1,4096,candidate-h6-w4-s2,candidate,6,4,2,2.3921120166778564,0.17373768406931156,1.52587890625e-05,ok,
1,8192,production-default,production,,,,0.7977280020713806,1.0,0.0,ok,
1,8192,production-w4-s2,production,,4,2,0.7981280088424683,0.9994988187776197,0.0,ok,
1,8192,production-w8-s2,production,,8,2,1.1930239796638489,0.6686604927221593,4.76837158203125e-07,ok,
1,8192,candidate-h1-w4-s2,candidate,1,4,2,0.8579359948635101,0.9298222791063708,7.62939453125e-06,ok,
1,8192,candidate-h1-w8-s2,candidate,1,8,2,0.820576012134552,0.9721561321251188,7.62939453125e-06,ok,
1,8192,candidate-h2-w4-s2,candidate,2,4,2,1.5869600176811218,0.502676811755489,7.62939453125e-06,ok,
1,8192,candidate-h3-w4-s2,candidate,3,4,2,2.5499199628829956,0.31284432989396727,7.62939453125e-06,ok,
1,8192,candidate-h6-w4-s2,candidate,6,4,2,4.74617600440979,0.16807804879764082,7.62939453125e-06,ok,
1,16384,production-default,production,,,,1.5669119954109192,1.0,0.0,ok,
1,16384,production-w4-s2,production,,4,2,1.5669119954109192,1.0,0.0,ok,
1,16384,production-w8-s2,production,,8,2,2.3533120155334473,0.6658326584270351,1.9073486328125e-06,ok,
1,16384,candidate-h1-w4-s2,candidate,1,4,2,1.6759999990463257,0.9349116923046065,1.9073486328125e-06,ok,
1,16384,candidate-h1-w8-s2,candidate,1,8,2,1.5899199843406677,0.9855288384595721,7.62939453125e-06,ok,
1,16384,candidate-h2-w4-s2,candidate,2,4,2,3.132751941680908,0.5001711034197548,1.9073486328125e-06,ok,
1,16384,candidate-h3-w4-s2,candidate,3,4,2,5.057839870452881,0.3097986562533498,1.9073486328125e-06,ok,
1,16384,candidate-h6-w4-s2,candidate,6,4,2,9.45147180557251,0.16578497271579234,1.9073486328125e-06,ok,
4,128,production-default,production,,,,0.04483199864625931,1.0,0.0,ok,
4,128,production-w4-s2,production,,4,2,0.0464479997754097,0.9652083806199567,0.0,ok,
4,128,production-w8-s2,production,,8,2,0.05283199995756149,0.8485765952883031,3.814697265625e-06,ok,
4,128,candidate-h1-w4-s2,candidate,1,4,2,0.05395200103521347,0.8309608130567445,6.103515625e-05,ok,
4,128,candidate-h1-w8-s2,candidate,1,8,2,0.05243200063705444,0.8550503147227972,0.0001220703125,ok,
4,128,candidate-h2-w4-s2,candidate,2,4,2,0.06526399776339531,0.6869330746300724,6.103515625e-05,ok,
4,128,candidate-h3-w4-s2,candidate,3,4,2,0.0796000026166439,0.5632160448809482,6.103515625e-05,ok,
4,128,candidate-h6-w4-s2,candidate,6,4,2,0.11382400244474411,0.39387121945587017,6.103515625e-05,ok,
4,256,production-default,production,,,,0.05704000033438206,1.0,0.0,ok,
4,256,production-w4-s2,production,,4,2,0.058639999479055405,0.9727148847393011,0.0,ok,
4,256,production-w8-s2,production,,8,2,0.07091199979186058,0.8043772633941318,1.9073486328125e-06,ok,
4,256,candidate-h1-w4-s2,candidate,1,4,2,0.0663679987192154,0.859450359136223,6.103515625e-05,ok,
4,256,candidate-h1-w8-s2,candidate,1,8,2,0.06548799946904182,0.8709992792091108,6.103515625e-05,ok,
4,256,candidate-h2-w4-s2,candidate,2,4,2,0.08875199779868126,0.6426897619112479,6.103515625e-05,ok,
4,256,candidate-h3-w4-s2,candidate,3,4,2,0.11884799972176552,0.47994076861131973,6.103515625e-05,ok,
4,256,candidate-h6-w4-s2,candidate,6,4,2,0.1865440011024475,0.3057723646822416,6.103515625e-05,ok,
4,512,production-default,production,,,,0.08054400235414505,1.0,0.0,ok,
4,512,production-w4-s2,production,,4,2,0.0822720006108284,0.9789965207621812,0.0,ok,
4,512,production-w8-s2,production,,8,2,0.10716799646615982,0.7515676788786309,6.103515625e-05,ok,
4,512,candidate-h1-w4-s2,candidate,1,4,2,0.0915519967675209,0.8797623776428537,3.814697265625e-06,ok,
4,512,candidate-h1-w8-s2,candidate,1,8,2,0.08879999816417694,0.9070270722892597,3.814697265625e-06,ok,
4,512,candidate-h2-w4-s2,candidate,2,4,2,0.13715199381113052,0.587260892940869,3.814697265625e-06,ok,
4,512,candidate-h3-w4-s2,candidate,3,4,2,0.19681599736213684,0.40923503898895963,3.814697265625e-06,ok,
4,512,candidate-h6-w4-s2,candidate,6,4,2,0.33108799159526825,0.24327068452728548,3.814697265625e-06,ok,
4,1024,production-default,production,,,,0.128431998193264,1.0,0.0,ok,
4,1024,production-w4-s2,production,,4,2,0.12998400628566742,0.9880600072520265,0.0,ok,
4,1024,production-w8-s2,production,,8,2,0.17899200320243835,0.717529252119764,6.103515625e-05,ok,
4,1024,candidate-h1-w4-s2,candidate,1,4,2,0.1425280049443245,0.9011000907746741,3.0517578125e-05,ok,
4,1024,candidate-h1-w8-s2,candidate,1,8,2,0.13710399717092514,0.9367487516293934,3.0517578125e-05,ok,
4,1024,candidate-h2-w4-s2,candidate,2,4,2,0.2335680052638054,0.5498698250567554,3.0517578125e-05,ok,
4,1024,candidate-h3-w4-s2,candidate,3,4,2,0.35199999809265137,0.3648636332079152,3.0517578125e-05,ok,
4,1024,candidate-h6-w4-s2,candidate,6,4,2,0.6228959858417511,0.2061853039873219,3.0517578125e-05,ok,
4,2048,production-default,production,,,,0.2239520028233528,1.0,0.0,ok,
4,2048,production-w4-s2,production,,4,2,0.22497600317001343,0.9954484019085058,0.0,ok,
4,2048,production-w8-s2,production,,8,2,0.32412800192832947,0.6909369184118582,3.814697265625e-06,ok,
4,2048,candidate-h1-w4-s2,candidate,1,4,2,0.2452000007033348,0.9133442177037766,3.814697265625e-06,ok,
4,2048,candidate-h1-w8-s2,candidate,1,8,2,0.2343520000576973,0.9556223235484058,1.52587890625e-05,ok,
4,2048,candidate-h2-w4-s2,candidate,2,4,2,0.42667199671268463,0.5248809496493841,3.814697265625e-06,ok,
4,2048,candidate-h3-w4-s2,candidate,3,4,2,0.6656799912452698,0.33642591901314595,3.814697265625e-06,ok,
4,2048,candidate-h6-w4-s2,candidate,6,4,2,1.2032959461212158,0.1861154801902679,3.814697265625e-06,ok,
4,4096,production-default,production,,,,0.41571201384067535,1.0,0.0,ok,
4,4096,production-w4-s2,production,,4,2,0.41684800386428833,0.9972748099713036,0.0,ok,
4,4096,production-w8-s2,production,,8,2,0.6154879927635193,0.6754185601154348,3.814697265625e-06,ok,
4,4096,candidate-h1-w4-s2,candidate,1,4,2,0.4495040029287338,0.9248238305601564,3.814697265625e-06,ok,
4,4096,candidate-h1-w8-s2,candidate,1,8,2,0.4286720007658005,0.9697671252100143,3.0517578125e-05,ok,
4,4096,candidate-h2-w4-s2,candidate,2,4,2,0.813759982585907,0.5108533507873613,3.814697265625e-06,ok,
4,4096,candidate-h3-w4-s2,candidate,3,4,2,1.291152000427246,0.3219698484013617,3.814697265625e-06,ok,
4,4096,candidate-h6-w4-s2,candidate,6,4,2,2.367664098739624,0.1755789658093692,3.814697265625e-06,ok,
4,8192,production-default,production,,,,1.0388480424880981,1.0,0.0,ok,
4,8192,production-w4-s2,production,,4,2,1.0406399965286255,0.998278026938706,0.0,ok,
4,8192,production-w8-s2,production,,8,2,1.4133920073509216,0.73500347892527,1.9073486328125e-06,ok,
4,8192,candidate-h1-w4-s2,candidate,1,4,2,0.9902079999446869,1.0491210357279765,1.52587890625e-05,ok,
4,8192,candidate-h1-w8-s2,candidate,1,8,2,0.9354879856109619,1.1104878506907092,3.0517578125e-05,ok,
4,8192,candidate-h2-w4-s2,candidate,2,4,2,1.8174239993095398,0.5716046684113165,1.52587890625e-05,ok,
4,8192,candidate-h3-w4-s2,candidate,3,4,2,2.713711977005005,0.38281440745772344,1.52587890625e-05,ok,
4,8192,candidate-h6-w4-s2,candidate,6,4,2,4.8100481033325195,0.2159745641147245,1.52587890625e-05,ok,
4,16384,production-default,production,,,,2.1308799982070923,1.0,0.0,ok,
4,16384,production-w4-s2,production,,4,2,2.131648063659668,0.9996396846807549,0.0,ok,
4,16384,production-w8-s2,production,,8,2,2.8976160287857056,0.7353907408843514,1.52587890625e-05,ok,
4,16384,candidate-h1-w4-s2,candidate,1,4,2,1.9439520239830017,1.0961587384451443,1.52587890625e-05,ok,
4,16384,candidate-h1-w8-s2,candidate,1,8,2,1.8296480178833008,1.164639306237865,1.52587890625e-05,ok,
4,16384,candidate-h2-w4-s2,candidate,2,4,2,3.602112054824829,0.591564050694341,1.52587890625e-05,ok,
4,16384,candidate-h3-w4-s2,candidate,3,4,2,5.490447998046875,0.3881067626840493,1.52587890625e-05,ok,
4,16384,candidate-h6-w4-s2,candidate,6,4,2,9.766128063201904,0.21819087200341974,1.52587890625e-05,ok,
8,128,production-default,production,,,,0.0440480001270771,1.0,0.0,ok,
8,128,production-w4-s2,production,,4,2,0.045471999794244766,0.9686840325120715,0.0,ok,
8,128,production-w8-s2,production,,8,2,0.05164800025522709,0.8528500602038155,3.0517578125e-05,ok,
8,128,candidate-h1-w4-s2,candidate,1,4,2,0.05254399962723255,0.8383069511185035,3.0517578125e-05,ok,
8,128,candidate-h1-w8-s2,candidate,1,8,2,0.052239999175071716,0.8431853143691523,6.103515625e-05,ok,
8,128,candidate-h2-w4-s2,candidate,2,4,2,0.06414399668574333,0.6867049514061108,3.0517578125e-05,ok,
8,128,candidate-h3-w4-s2,candidate,3,4,2,0.07948800176382065,0.5541465271445,3.0517578125e-05,ok,
8,128,candidate-h6-w4-s2,candidate,6,4,2,0.11300799995660782,0.38977771612620704,3.0517578125e-05,ok,
8,256,production-default,production,,,,0.05603200010955334,1.0,0.0,ok,
8,256,production-w4-s2,production,,4,2,0.057951999828219414,0.9668691378320452,0.0,ok,
8,256,production-w8-s2,production,,8,2,0.07012799754738808,0.7989961508838243,3.0517578125e-05,ok,
8,256,candidate-h1-w4-s2,candidate,1,4,2,0.06571200117468834,0.8526905147904147,6.103515625e-05,ok,
8,256,candidate-h1-w8-s2,candidate,1,8,2,0.06371200084686279,0.8794575490452892,6.103515625e-05,ok,
8,256,candidate-h2-w4-s2,candidate,2,4,2,0.0883840024471283,0.6339608815868225,6.103515625e-05,ok,
8,256,candidate-h3-w4-s2,candidate,3,4,2,0.11851200088858604,0.47279600115965814,6.103515625e-05,ok,
8,256,candidate-h6-w4-s2,candidate,6,4,2,0.18588800728321075,0.3014288061315621,6.103515625e-05,ok,
8,512,production-default,production,,,,0.08038400113582611,1.0,0.0,ok,
8,512,production-w4-s2,production,,4,2,0.08156800270080566,0.9854844850213813,0.0,ok,
8,512,production-w8-s2,production,,8,2,0.10691200196743011,0.7518706941837499,1.52587890625e-05,ok,
8,512,candidate-h1-w4-s2,candidate,1,4,2,0.09124800190329552,0.8809398502886336,6.103515625e-05,ok,
8,512,candidate-h1-w8-s2,candidate,1,8,2,0.08908800035715103,0.9022988597069094,6.103515625e-05,ok,
8,512,candidate-h2-w4-s2,candidate,2,4,2,0.13708799332380295,0.5863679173270736,6.103515625e-05,ok,
8,512,candidate-h3-w4-s2,candidate,3,4,2,0.19780799746513367,0.4063738684276144,6.103515625e-05,ok,
8,512,candidate-h6-w4-s2,candidate,6,4,2,0.3317919969558716,0.24227227260854398,6.103515625e-05,ok,
8,1024,production-default,production,,,,0.1287359967827797,1.0,0.0,ok,
8,1024,production-w4-s2,production,,4,2,0.12920000404119492,0.9964086126632994,0.0,ok,
8,1024,production-w8-s2,production,,8,2,0.179407998919487,0.7175599614181785,6.103515625e-05,ok,
8,1024,candidate-h1-w4-s2,candidate,1,4,2,0.14297600090503693,0.9004028366151093,6.103515625e-05,ok,
8,1024,candidate-h1-w8-s2,candidate,1,8,2,0.13769599795341492,0.9349291097504042,6.103515625e-05,ok,
8,1024,candidate-h2-w4-s2,candidate,2,4,2,0.23403199762105942,0.55007861357158,6.103515625e-05,ok,
8,1024,candidate-h3-w4-s2,candidate,3,4,2,0.35600000619888306,0.36161796219424786,6.103515625e-05,ok,
8,1024,candidate-h6-w4-s2,candidate,6,4,2,0.623088002204895,0.20660965437823725,6.103515625e-05,ok,
8,2048,production-default,production,,,,0.22438400238752365,1.0,0.0,ok,
8,2048,production-w4-s2,production,,4,2,0.22537599503993988,0.9955984990671236,0.0,ok,
8,2048,production-w8-s2,production,,8,2,0.3248800039291382,0.690667322315305,3.814697265625e-06,ok,
8,2048,candidate-h1-w4-s2,candidate,1,4,2,0.24560000002384186,0.9136156448116505,3.0517578125e-05,ok,
8,2048,candidate-h1-w8-s2,candidate,1,8,2,0.23492799699306488,0.9551181862506899,6.103515625e-05,ok,
8,2048,candidate-h2-w4-s2,candidate,2,4,2,0.4277919977903366,0.5245165957907786,3.0517578125e-05,ok,
8,2048,candidate-h3-w4-s2,candidate,3,4,2,0.6719840168952942,0.333912707365012,6.103515625e-05,ok,
8,2048,candidate-h6-w4-s2,candidate,6,4,2,1.2045440077781677,0.1862812823264211,6.103515625e-05,ok,
8,4096,production-default,production,,,,0.5526240170001984,1.0,0.0,ok,
8,4096,production-w4-s2,production,,4,2,0.555296003818512,0.9951881756757844,0.0,ok,
8,4096,production-w8-s2,production,,8,2,0.732560008764267,0.7543737173592139,1.9073486328125e-06,ok,
8,4096,candidate-h1-w4-s2,candidate,1,4,2,0.5162560045719147,1.0704456938151072,1.52587890625e-05,ok,
8,4096,candidate-h1-w8-s2,candidate,1,8,2,0.4890720099210739,1.1299440691553386,1.52587890625e-05,ok,
8,4096,candidate-h2-w4-s2,candidate,2,4,2,0.9236160218715668,0.5983265815164078,1.52587890625e-05,ok,
8,4096,candidate-h3-w4-s2,candidate,3,4,2,1.4021120071411133,0.39413685510545693,1.52587890625e-05,ok,
8,4096,candidate-h6-w4-s2,candidate,6,4,2,2.4124480485916138,0.2290718829459644,1.52587890625e-05,ok,
8,8192,production-default,production,,,,1.0396479964256287,1.0,0.0,ok,
8,8192,production-w4-s2,production,,4,2,1.0406879782676697,0.9990006785282827,0.0,ok,
8,8192,production-w8-s2,production,,8,2,1.4126720428466797,0.7359443415689255,7.62939453125e-06,ok,
8,8192,candidate-h1-w4-s2,candidate,1,4,2,0.9931039810180664,1.0468672125952494,7.62939453125e-06,ok,
8,8192,candidate-h1-w8-s2,candidate,1,8,2,0.9366240203380585,1.109995018118781,7.62939453125e-06,ok,
8,8192,candidate-h2-w4-s2,candidate,2,4,2,1.8227039575576782,0.5703877429545383,7.62939453125e-06,ok,
8,8192,candidate-h3-w4-s2,candidate,3,4,2,2.7902719974517822,0.37259736591095344,7.62939453125e-06,ok,
8,8192,candidate-h6-w4-s2,candidate,6,4,2,4.906752109527588,0.21188109226201032,7.62939453125e-06,ok,
8,16384,production-default,production,,,,2.1201919317245483,1.0,0.0,ok,
8,16384,production-w4-s2,production,,4,2,2.119584083557129,1.000286777095627,0.0,ok,
8,16384,production-w8-s2,production,,8,2,2.8346240520477295,0.7479623021588785,1.52587890625e-05,ok,
8,16384,candidate-h1-w4-s2,candidate,1,4,2,1.9423199892044067,1.0915770539915,7.62939453125e-06,ok,
8,16384,candidate-h1-w8-s2,candidate,1,8,2,1.8321599960327148,1.1572089426226564,7.62939453125e-06,ok,
8,16384,candidate-h2-w4-s2,candidate,2,4,2,3.57041597366333,0.5938221057052862,7.62939453125e-06,ok,
8,16384,candidate-h3-w4-s2,candidate,3,4,2,5.512192010879517,0.38463680647188736,7.62939453125e-06,ok,
8,16384,candidate-h6-w4-s2,candidate,6,4,2,9.80948781967163,0.21613686368749893,7.62939453125e-06,ok,
16,128,production-default,production,,,,0.05049600079655647,1.0,0.0,ok,
16,128,production-w4-s2,production,,4,2,0.05153600126504898,0.9798199231030014,0.0,ok,
16,128,production-w8-s2,production,,8,2,0.06347199901938438,0.795563422874628,0.000244140625,ok,
16,128,candidate-h1-w4-s2,candidate,1,4,2,0.05556799843907356,0.9087244855853828,0.000244140625,ok,
16,128,candidate-h1-w8-s2,candidate,1,8,2,0.05697600170969963,0.8862678896606394,0.000244140625,ok,
16,128,candidate-h2-w4-s2,candidate,2,4,2,0.06510399654507637,0.7756205989841854,0.000244140625,ok,
16,128,candidate-h3-w4-s2,candidate,3,4,2,0.08036800101399422,0.628309777018888,0.000244140625,ok,
16,128,candidate-h6-w4-s2,candidate,6,4,2,0.11726399883627892,0.4306181035754864,0.000244140625,ok,
16,256,production-default,production,,,,0.06763200089335442,1.0,0.0,ok,
16,256,production-w4-s2,production,,4,2,0.06905599683523178,0.9793791125009023,0.0,ok,
16,256,production-w8-s2,production,,8,2,0.09150399640202522,0.739115268760628,6.103515625e-05,ok,
16,256,candidate-h1-w4-s2,candidate,1,4,2,0.07097599655389786,0.9528855412688138,6.103515625e-05,ok,
16,256,candidate-h1-w8-s2,candidate,1,8,2,0.07257600128650665,0.9318783026687442,6.103515625e-05,ok,
16,256,candidate-h2-w4-s2,candidate,2,4,2,0.08876799792051315,0.7618962067153429,6.103515625e-05,ok,
16,256,candidate-h3-w4-s2,candidate,3,4,2,0.11911999806761742,0.5677636164413276,6.103515625e-05,ok,
16,256,candidate-h6-w4-s2,candidate,6,4,2,0.1932160034775734,0.35003312187442315,6.103515625e-05,ok,
16,512,production-default,production,,,,0.1024319976568222,1.0,0.0,ok,
16,512,production-w4-s2,production,,4,2,0.10364799946546555,0.9882679664352952,0.0,ok,
16,512,production-w8-s2,production,,8,2,0.1483200043439865,0.6906148507065845,6.103515625e-05,ok,
16,512,candidate-h1-w4-s2,candidate,1,4,2,0.10198400169610977,1.0043928062564889,6.103515625e-05,ok,
16,512,candidate-h1-w8-s2,candidate,1,8,2,0.10398400202393532,0.9850745851582451,6.103515625e-05,ok,
16,512,candidate-h2-w4-s2,candidate,2,4,2,0.1367040053009987,0.7492977066127988,6.103515625e-05,ok,
16,512,candidate-h3-w4-s2,candidate,3,4,2,0.19779200106859207,0.5178773514774236,6.103515625e-05,ok,
16,512,candidate-h6-w4-s2,candidate,6,4,2,0.346000000834465,0.2960462352883872,6.103515625e-05,ok,
16,1024,production-default,production,,,,0.1719999983906746,1.0,0.0,ok,
16,1024,production-w4-s2,production,,4,2,0.17326399683952332,0.9927047830368392,0.0,ok,
16,1024,production-w8-s2,production,,8,2,0.26051200926303864,0.6602382703094751,6.103515625e-05,ok,
16,1024,candidate-h1-w4-s2,candidate,1,4,2,0.16275199502706528,1.0568226728162158,6.103515625e-05,ok,
16,1024,candidate-h1-w8-s2,candidate,1,8,2,0.16759999841451645,1.0262529833996528,6.103515625e-05,ok,
16,1024,candidate-h2-w4-s2,candidate,2,4,2,0.2340639978647232,0.73484175251113,6.103515625e-05,ok,
16,1024,candidate-h3-w4-s2,candidate,3,4,2,0.3556800037622452,0.4835807370988678,6.103515625e-05,ok,
16,1024,candidate-h6-w4-s2,candidate,6,4,2,0.6525120139122009,0.26359667672543136,6.103515625e-05,ok,
16,2048,production-default,production,,,,0.32548800110816956,1.0,0.0,ok,
16,2048,production-w4-s2,production,,4,2,0.3277599960565567,0.9930681139378733,0.0,ok,
16,2048,production-w8-s2,production,,8,2,0.49025601148605347,0.663914349814003,3.0517578125e-05,ok,
16,2048,candidate-h1-w4-s2,candidate,1,4,2,0.3033600002527237,1.0729430407338194,3.0517578125e-05,ok,
16,2048,candidate-h1-w8-s2,candidate,1,8,2,0.3104960024356842,1.048284031210968,3.0517578125e-05,ok,
16,2048,candidate-h2-w4-s2,candidate,2,4,2,0.4821600019931793,0.6750622195176902,3.0517578125e-05,ok,
16,2048,candidate-h3-w4-s2,candidate,3,4,2,0.7260319888591766,0.44831082666152633,3.0517578125e-05,ok,
16,2048,candidate-h6-w4-s2,candidate,6,4,2,1.2845119833946228,0.2533942892833055,3.0517578125e-05,ok,
16,4096,production-default,production,,,,0.6208159923553467,1.0,0.0,ok,
16,4096,production-w4-s2,production,,4,2,0.6223999857902527,0.9974550233433974,0.0,ok,
16,4096,production-w8-s2,production,,8,2,0.944927990436554,0.656998203713419,1.52587890625e-05,ok,
16,4096,candidate-h1-w4-s2,candidate,1,4,2,0.5661599934101105,1.0965380803684674,3.0517578125e-05,ok,
16,4096,candidate-h1-w8-s2,candidate,1,8,2,0.5787039995193481,1.0727694864230684,1.52587890625e-05,ok,
16,4096,candidate-h2-w4-s2,candidate,2,4,2,0.925247997045517,0.6709725331346014,3.0517578125e-05,ok,
16,4096,candidate-h3-w4-s2,candidate,3,4,2,1.4276479482650757,0.43485229892270183,3.0517578125e-05,ok,
16,4096,candidate-h6-w4-s2,candidate,6,4,2,2.5814560651779175,0.24049062880818745,3.0517578125e-05,ok,
16,8192,production-default,production,,,,1.2090399861335754,1.0,0.0,ok,
16,8192,production-w4-s2,production,,4,2,1.2095999717712402,0.9995370488998567,0.0,ok,
16,8192,production-w8-s2,production,,8,2,1.8537760376930237,0.6522039132829629,3.0517578125e-05,ok,
16,8192,candidate-h1-w4-s2,candidate,1,4,2,1.0898079872131348,1.109406427847296,3.0517578125e-05,ok,
16,8192,candidate-h1-w8-s2,candidate,1,8,2,1.1124159693717957,1.0868596095544596,3.0517578125e-05,ok,
16,8192,candidate-h2-w4-s2,candidate,2,4,2,1.8045920133590698,0.6699796835978825,3.0517578125e-05,ok,
16,8192,candidate-h3-w4-s2,candidate,3,4,2,2.8302561044692993,0.4271839513831849,3.0517578125e-05,ok,
16,8192,candidate-h6-w4-s2,candidate,6,4,2,5.134912014007568,0.23545485936962998,3.0517578125e-05,ok,
16,16384,production-default,production,,,,2.3684639930725098,1.0,0.0,ok,
16,16384,production-w4-s2,production,,4,2,2.3689759969711304,0.9997838712172368,0.0,ok,
16,16384,production-w8-s2,production,,8,2,3.6841440200805664,0.6428804031989811,1.52587890625e-05,ok,
16,16384,candidate-h1-w4-s2,candidate,1,4,2,2.1464641094207764,1.1034258540254094,3.0517578125e-05,ok,
16,16384,candidate-h1-w8-s2,candidate,1,8,2,2.22107195854187,1.0663607651088451,3.0517578125e-05,ok,
16,16384,candidate-h2-w4-s2,candidate,2,4,2,3.601696014404297,0.6575968609233787,3.0517578125e-05,ok,
16,16384,candidate-h3-w4-s2,candidate,3,4,2,5.576496124267578,0.42472261081031165,3.0517578125e-05,ok,
16,16384,candidate-h6-w4-s2,candidate,6,4,2,10.182079792022705,0.23261102264471709,3.0517578125e-05,ok,
32,128,production-default,production,,,,0.056304000318050385,1.0,0.0,ok,
32,128,production-w4-s2,production,,4,2,0.05750400014221668,0.9791318895868374,0.0,ok,
32,128,production-w8-s2,production,,8,2,0.07489599660038948,0.7517624822921121,0.0001220703125,ok,
32,128,candidate-h1-w4-s2,candidate,1,4,2,0.06006399914622307,0.9374001251728321,0.000244140625,ok,
32,128,candidate-h1-w8-s2,candidate,1,8,2,0.06798399984836578,0.8281948759065819,0.000244140625,ok,
32,128,candidate-h2-w4-s2,candidate,2,4,2,0.0703199990093708,0.8006826096591291,0.000244140625,ok,
32,128,candidate-h3-w4-s2,candidate,3,4,2,0.07958400249481201,0.7074788720474416,0.000244140625,ok,
32,128,candidate-h6-w4-s2,candidate,6,4,2,0.1170399971306324,0.48106631663026733,0.000244140625,ok,
32,256,production-default,production,,,,0.07985599711537361,1.0,0.0,ok,
32,256,production-w4-s2,production,,4,2,0.08078399673104286,0.9885125810405386,0.0,ok,
32,256,production-w8-s2,production,,8,2,0.11467200145125389,0.6963861806259632,0.000244140625,ok,
32,256,candidate-h1-w4-s2,candidate,1,4,2,0.07836800068616867,1.0189872960414512,6.103515625e-05,ok,
32,256,candidate-h1-w8-s2,candidate,1,8,2,0.0955359973013401,0.8358733814594664,0.0001220703125,ok,
32,256,candidate-h2-w4-s2,candidate,2,4,2,0.1003040000796318,0.7961397058140809,6.103515625e-05,ok,
32,256,candidate-h3-w4-s2,candidate,3,4,2,0.11905599758028984,0.670743169083269,0.0001220703125,ok,
32,256,candidate-h6-w4-s2,candidate,6,4,2,0.1940319985151291,0.411560967915027,0.0001220703125,ok,
32,512,production-default,production,,,,0.12601600587368011,1.0,0.0,ok,
32,512,production-w4-s2,production,,4,2,0.12779200077056885,0.9861024564434415,0.0,ok,
32,512,production-w8-s2,production,,8,2,0.19494399428367615,0.6464215855262806,6.103515625e-05,ok,
32,512,candidate-h1-w4-s2,candidate,1,4,2,0.1173119992017746,1.0741953656158802,6.103515625e-05,ok,
32,512,candidate-h1-w8-s2,candidate,1,8,2,0.15052799880504608,0.8371599096118173,6.103515625e-05,ok,
32,512,candidate-h2-w4-s2,candidate,2,4,2,0.16124799847602844,0.7815043105320404,6.103515625e-05,ok,
32,512,candidate-h3-w4-s2,candidate,3,4,2,0.19758400321006775,0.637784455352401,6.103515625e-05,ok,
32,512,candidate-h6-w4-s2,candidate,6,4,2,0.347104012966156,0.3630496945189947,6.103515625e-05,ok,
32,1024,production-default,production,,,,0.21856000274419785,1.0,0.0,ok,
32,1024,production-w4-s2,production,,4,2,0.21985600143671036,0.994105238501367,0.0,ok,
32,1024,production-w8-s2,production,,8,2,0.3554240018129349,0.6149275277678893,0.0001220703125,ok,
32,1024,candidate-h1-w4-s2,candidate,1,4,2,0.19591999799013138,1.1155573958060516,0.0001220703125,ok,
32,1024,candidate-h1-w8-s2,candidate,1,8,2,0.30750399827957153,0.7107549949496623,0.0001220703125,ok,
32,1024,candidate-h2-w4-s2,candidate,2,4,2,0.2972480058670044,0.7352782808641839,0.0001220703125,ok,
32,1024,candidate-h3-w4-s2,candidate,3,4,2,0.3794560134410858,0.5759824459288254,0.0001220703125,ok,
32,1024,candidate-h6-w4-s2,candidate,6,4,2,0.6642080247402191,0.3290535413655679,0.0001220703125,ok,
32,2048,production-default,production,,,,0.3996959924697876,1.0,0.0,ok,
32,2048,production-w4-s2,production,,4,2,0.40219199657440186,0.9937939985731354,0.0,ok,
32,2048,production-w8-s2,production,,8,2,0.6756319999694824,0.5915883091503088,1.52587890625e-05,ok,
32,2048,candidate-h1-w4-s2,candidate,1,4,2,0.3509279936552048,1.1389686764701323,6.103515625e-05,ok,
32,2048,candidate-h1-w8-s2,candidate,1,8,2,0.5840480029582977,0.6843546942122268,3.0517578125e-05,ok,
32,2048,candidate-h2-w4-s2,candidate,2,4,2,0.5458720028400421,0.7322155933813503,6.103515625e-05,ok,
32,2048,candidate-h3-w4-s2,candidate,3,4,2,0.7279999852180481,0.5490329678373167,6.103515625e-05,ok,
32,2048,candidate-h6-w4-s2,candidate,6,4,2,1.3126239776611328,0.3045015170163021,6.103515625e-05,ok,
32,4096,production-default,production,,,,0.7955359816551208,1.0,0.0,ok,
32,4096,production-w4-s2,production,,4,2,0.7971999943256378,0.997912678521875,0.0,ok,
32,4096,production-w8-s2,production,,8,2,1.3150399923324585,0.6049519302025907,3.0517578125e-05,ok,
32,4096,candidate-h1-w4-s2,candidate,1,4,2,0.6587200164794922,1.207699723331374,3.0517578125e-05,ok,
32,4096,candidate-h1-w8-s2,candidate,1,8,2,1.1365599632263184,0.6999507350204884,3.0517578125e-05,ok,
32,4096,candidate-h2-w4-s2,candidate,2,4,2,1.0389280319213867,0.7657277089577242,3.0517578125e-05,ok,
32,4096,candidate-h3-w4-s2,candidate,3,4,2,1.409999966621399,0.5642099294238716,1.52587890625e-05,ok,
32,4096,candidate-h6-w4-s2,candidate,6,4,2,2.5918400287628174,0.3069386894355745,3.0517578125e-05,ok,
32,8192,production-default,production,,,,1.5575840473175049,1.0,0.0,ok,
32,8192,production-w4-s2,production,,4,2,1.5592479705810547,0.9989328680909363,0.0,ok,
32,8192,production-w8-s2,production,,8,2,2.5929759740829468,0.6006935902552559,1.52587890625e-05,ok,
32,8192,candidate-h1-w4-s2,candidate,1,4,2,1.2889119982719421,1.2084487144240834,1.52587890625e-05,ok,
32,8192,candidate-h1-w8-s2,candidate,1,8,2,2.206063985824585,0.7060466320677954,1.52587890625e-05,ok,
32,8192,candidate-h2-w4-s2,candidate,2,4,2,2.0262399911880493,0.7687065964995803,1.52587890625e-05,ok,
32,8192,candidate-h3-w4-s2,candidate,3,4,2,2.787711977958679,0.5587320568382592,1.52587890625e-05,ok,
32,8192,candidate-h6-w4-s2,candidate,6,4,2,5.120975971221924,0.304157655898129,1.52587890625e-05,ok,
32,16384,production-default,production,,,,3.139840006828308,1.0,0.0,ok,
32,16384,production-w4-s2,production,,4,2,3.145375967025757,0.9982399686856247,0.0,ok,
32,16384,production-w8-s2,production,,8,2,5.145904064178467,0.6101629505076243,1.52587890625e-05,ok,
32,16384,candidate-h1-w4-s2,candidate,1,4,2,2.6016160249710083,1.2068806375311658,1.52587890625e-05,ok,
32,16384,candidate-h1-w8-s2,candidate,1,8,2,4.392416000366211,0.7148321121147289,1.52587890625e-05,ok,
32,16384,candidate-h2-w4-s2,candidate,2,4,2,4.052128076553345,0.7748619854826974,1.52587890625e-05,ok,
32,16384,candidate-h3-w4-s2,candidate,3,4,2,5.540895938873291,0.5666664816424574,1.52587890625e-05,ok,
32,16384,candidate-h6-w4-s2,candidate,6,4,2,10.22110366821289,0.30719187562817213,1.52587890625e-05,ok,
64,128,production-default,production,,,,0.07648000121116638,1.0,0.0,ok,
64,128,production-w4-s2,production,,4,2,0.07731200009584427,0.9892384250356161,0.0,ok,
64,128,production-w8-s2,production,,8,2,0.11648000031709671,0.6565934152040073,0.0001220703125,ok,
64,128,candidate-h1-w4-s2,candidate,1,4,2,0.07433599978685379,1.0288420338794146,0.0001220703125,ok,
64,128,candidate-h1-w8-s2,candidate,1,8,2,0.09027200192213058,0.8472172942075518,0.000244140625,ok,
64,128,candidate-h2-w4-s2,candidate,2,4,2,0.07899199798703194,0.9681993513282453,0.0001220703125,ok,
64,128,candidate-h3-w4-s2,candidate,3,4,2,0.08775999769568443,0.8714676756985291,0.000244140625,ok,
64,128,candidate-h6-w4-s2,candidate,6,4,2,0.11732799932360649,0.6518478253449477,0.000244140625,ok,
64,256,production-default,production,,,,0.11929599940776825,1.0,0.0,ok,
64,256,production-w4-s2,production,,4,2,0.12040000036358833,0.9908305568730383,0.0,ok,
64,256,production-w8-s2,production,,8,2,0.19977600127458572,0.5971487998891304,0.0001220703125,ok,
64,256,candidate-h1-w4-s2,candidate,1,4,2,0.10830399766564369,1.1014921145945054,0.000244140625,ok,
64,256,candidate-h1-w8-s2,candidate,1,8,2,0.13753599673509598,0.8673801931107589,0.000244140625,ok,
64,256,candidate-h2-w4-s2,candidate,2,4,2,0.11668800190091133,1.0223501770907995,0.000244140625,ok,
64,256,candidate-h3-w4-s2,candidate,3,4,2,0.13465600460767746,0.885931524222326,0.000244140625,ok,
64,256,candidate-h6-w4-s2,candidate,6,4,2,0.19305599480867386,0.6179347060732059,0.000244140625,ok,
64,512,production-default,production,,,,0.20563199371099472,1.0,0.0,ok,
64,512,production-w4-s2,production,,4,2,0.20670399814844131,0.9948138185664084,0.0,ok,
64,512,production-w8-s2,production,,8,2,0.373199999332428,0.5509967686999592,0.0001220703125,ok,
64,512,candidate-h1-w4-s2,candidate,1,4,2,0.17497599869966507,1.175201143237643,6.103515625e-05,ok,
64,512,candidate-h1-w8-s2,candidate,1,8,2,0.24260800331830978,0.8475894896228905,6.103515625e-05,ok,
64,512,candidate-h2-w4-s2,candidate,2,4,2,0.18993599712848663,1.082638345652247,6.103515625e-05,ok,
64,512,candidate-h3-w4-s2,candidate,3,4,2,0.22790399938821793,0.9022746167815842,6.103515625e-05,ok,
64,512,candidate-h6-w4-s2,candidate,6,4,2,0.34748800098896027,0.5917671779335127,6.103515625e-05,ok,
64,1024,production-default,production,,,,0.3761280030012131,1.0,0.0,ok,
64,1024,production-w4-s2,production,,4,2,0.3774080127477646,0.9966084192616043,0.0,ok,
64,1024,production-w8-s2,production,,8,2,0.7817279994487762,0.48114945769683837,6.103515625e-05,ok,
64,1024,candidate-h1-w4-s2,candidate,1,4,2,0.3134559988975525,1.1999387611788659,6.103515625e-05,ok,
64,1024,candidate-h1-w8-s2,candidate,1,8,2,0.45262399315834045,0.8309943986324053,6.103515625e-05,ok,
64,1024,candidate-h2-w4-s2,candidate,2,4,2,0.33873599767684937,1.1103868664116274,6.103515625e-05,ok,
64,1024,candidate-h3-w4-s2,candidate,3,4,2,0.4434880018234253,0.8481131427563815,6.103515625e-05,ok,
64,1024,candidate-h6-w4-s2,candidate,6,4,2,0.6713600158691406,0.5602478463276949,6.103515625e-05,ok,
64,2048,production-default,production,,,,0.7242240011692047,1.0,0.0,ok,
64,2048,production-w4-s2,production,,4,2,0.7250239849090576,0.9988966106549519,0.0,ok,
64,2048,production-w8-s2,production,,8,2,1.5356159806251526,0.4716179111879075,3.0517578125e-05,ok,
64,2048,candidate-h1-w4-s2,candidate,1,4,2,0.5901280045509338,1.2272320506468983,6.103515625e-05,ok,
64,2048,candidate-h1-w8-s2,candidate,1,8,2,0.8608160018920898,0.8413226515043246,6.103515625e-05,ok,
64,2048,candidate-h2-w4-s2,candidate,2,4,2,0.6348640024662018,1.1407545527166036,6.103515625e-05,ok,
64,2048,candidate-h3-w4-s2,candidate,3,4,2,0.8489439785480499,0.8530880947030758,6.103515625e-05,ok,
64,2048,candidate-h6-w4-s2,candidate,6,4,2,1.3029119968414307,0.5558502822331027,6.103515625e-05,ok,
64,4096,production-default,production,,,,1.4250560402870178,1.0,0.0,ok,
64,4096,production-w4-s2,production,,4,2,1.4262399673461914,0.9991698963103828,0.0,ok,
64,4096,production-w8-s2,production,,8,2,3.034448027610779,0.46962611562968787,3.0517578125e-05,ok,
64,4096,candidate-h1-w4-s2,candidate,1,4,2,1.1364960074424744,1.2539032525894285,6.103515625e-05,ok,
64,4096,candidate-h1-w8-s2,candidate,1,8,2,1.6786880493164062,0.848910576844416,6.103515625e-05,ok,
64,4096,candidate-h2-w4-s2,candidate,2,4,2,1.2637919783592224,1.127603327675148,6.103515625e-05,ok,
64,4096,candidate-h3-w4-s2,candidate,3,4,2,1.658623993396759,0.8591796850644802,6.103515625e-05,ok,
64,4096,candidate-h6-w4-s2,candidate,6,4,2,2.5548160076141357,0.5577920429650955,6.103515625e-05,ok,
64,8192,production-default,production,,,,2.8223360776901245,1.0,0.0,ok,
64,8192,production-w4-s2,production,,4,2,2.8234879970550537,0.9995920225741598,0.0,ok,
64,8192,production-w8-s2,production,,8,2,6.032448053359985,0.4678591597847452,3.0517578125e-05,ok,
64,8192,candidate-h1-w4-s2,candidate,1,4,2,2.228335976600647,1.2665666700744256,3.0517578125e-05,ok,
64,8192,candidate-h1-w8-s2,candidate,1,8,2,3.330031991004944,0.8475402294373737,3.0517578125e-05,ok,
64,8192,candidate-h2-w4-s2,candidate,2,4,2,2.516287922859192,1.1216268424811968,3.0517578125e-05,ok,
64,8192,candidate-h3-w4-s2,candidate,3,4,2,3.2313120365142822,0.8734334678289587,3.0517578125e-05,ok,
64,8192,candidate-h6-w4-s2,candidate,6,4,2,5.074864149093628,0.556140222629249,3.0517578125e-05,ok,
64,16384,production-default,production,,,,5.604880094528198,1.0,0.0,ok,
64,16384,production-w4-s2,production,,4,2,5.607087850570679,0.9996062562061953,0.0,ok,
64,16384,production-w8-s2,production,,8,2,12.025152206420898,0.4660963951487816,1.52587890625e-05,ok,
64,16384,candidate-h1-w4-s2,candidate,1,4,2,4.410831928253174,1.2707081534044995,3.0517578125e-05,ok,
64,16384,candidate-h1-w8-s2,candidate,1,8,2,6.705744028091431,0.835832693739645,3.0517578125e-05,ok,
64,16384,candidate-h2-w4-s2,candidate,2,4,2,5.03057599067688,1.114162693281181,3.0517578125e-05,ok,
64,16384,candidate-h3-w4-s2,candidate,3,4,2,6.467184066772461,0.8666646931120042,3.0517578125e-05,ok,
64,16384,candidate-h6-w4-s2,candidate,6,4,2,10.095744132995605,0.5551725579306178,3.0517578125e-05,ok,
