batch_size,query_length,prefix_length,context_length,attention_pairs,block_m,block_n,num_warps,num_stages,sdpa_median_ms,triton_median_ms,speedup_vs_sdpa,speedup_vs_production,max_abs_error,status,error
1,128,0,128,8256,32,16,4,2,0.13777600228786469,0.07953600212931633,1.7322470151800797,0.6787366706099399,0.0009765625,ok,
1,128,0,128,8256,32,32,2,2,0.13777600228786469,0.05915199965238571,2.3291858787111672,0.9126318906566327,0.0009765625,ok,
1,128,0,128,8256,32,32,4,2,0.13777600228786469,0.054416000843048096,2.5319023844705453,0.9920611666150025,0.0009765625,ok,
1,128,0,128,8256,64,32,4,2,0.13777600228786469,0.05398400127887726,2.5521635859506655,1.0,0.0009765625,ok,
1,128,0,128,8256,64,64,4,2,0.13777600228786469,0.0540159996598959,2.550651717182905,0.9994076129069144,0.0009765625,ok,
1,128,0,128,8256,128,64,8,2,0.13777600228786469,0.0687519982457161,2.00395633295574,0.7851990146663261,0.0009765625,ok,
1,128,2048,2176,270400,32,16,4,2,0.25036799907684326,0.25304000079631805,0.9894403979170645,0.6204868764783605,0.0001220703125,ok,
1,128,2048,2176,270400,32,32,2,2,0.25036799907684326,0.2231839969754219,1.121800857005061,0.7034912979691806,0.0001220703125,ok,
1,128,2048,2176,270400,32,32,4,2,0.25036799907684326,0.16601600497961044,1.5080955544472514,0.9457401395574629,0.0001220703125,ok,
1,128,2048,2176,270400,64,32,4,2,0.25036799907684326,0.15700799971818924,1.5946193794343229,1.0,0.0001220703125,ok,
1,128,2048,2176,270400,64,64,4,2,0.25036799907684326,0.14472000300884247,1.7300165414006081,1.0849087648830131,0.0001220703125,ok,
1,128,2048,2176,270400,128,64,8,2,0.25036799907684326,0.16019200533628464,1.5629244327846186,0.9801238169694465,0.0001220703125,ok,
1,128,8192,8320,1056832,32,16,4,2,0.6535999774932861,0.8239839971065521,0.7932192612822879,0.5540107597877122,6.103515625e-05,ok,
1,128,8192,8320,1056832,32,32,2,2,0.6535999774932861,0.6719360053539276,0.9727116455815114,0.6793742211350435,6.103515625e-05,ok,
1,128,8192,8320,1056832,32,32,4,2,0.6535999774932861,0.49220800399780273,1.3278938420030322,0.9274453007309382,6.103515625e-05,ok,
1,128,8192,8320,1056832,64,32,4,2,0.6535999774932861,0.456496000289917,1.4317759127751173,1.0,6.103515625e-05,ok,
1,128,8192,8320,1056832,64,64,4,2,0.6535999774932861,0.40886400640010834,1.5985754853991299,1.116498378786605,6.103515625e-05,ok,
1,128,8192,8320,1056832,128,64,8,2,0.6535999774932861,0.463935986161232,1.4088150024778205,0.9839633352590816,6.103515625e-05,ok,
1,128,16384,16512,2105408,32,16,4,2,1.2044320106506348,1.5483199954032898,0.7778960513501069,0.5227446546973092,3.0517578125e-05,ok,
1,128,16384,16512,2105408,32,32,2,2,1.2044320106506348,1.2462239861488342,0.9664651170554437,0.649462705223016,3.0517578125e-05,ok,
1,128,16384,16512,2105408,32,32,4,2,1.2044320106506348,0.9017920196056366,1.3355984356319164,0.8975195874010741,3.0517578125e-05,ok,
1,128,16384,16512,2105408,64,32,4,2,1.2044320106506348,0.8093760013580322,1.4880994848250353,1.0,3.0517578125e-05,ok,
1,128,16384,16512,2105408,64,64,4,2,1.2044320106506348,0.714464008808136,1.6857840224308291,1.1328436301616198,3.0517578125e-05,ok,
1,128,16384,16512,2105408,128,64,8,2,1.2044320106506348,0.8223040103912354,1.4647040454996574,0.9842783096399442,3.0517578125e-05,ok,
1,256,0,256,32896,32,16,4,2,0.14108800143003464,0.07228799909353256,1.9517486055670539,0.8680832472114175,0.00048828125,ok,
1,256,0,256,32896,32,32,2,2,0.14108800143003464,0.06745600327849388,2.0915558967754007,0.9302656240758361,0.00048828125,ok,
1,256,0,256,32896,32,32,4,2,0.14108800143003464,0.06199999898672104,2.2756129634816995,1.0121290647274006,0.00048828125,ok,
1,256,0,256,32896,64,32,4,2,0.14108800143003464,0.06275200098752975,2.2483426697113935,1.0,0.00048828125,ok,
1,256,0,256,32896,64,64,4,2,0.14108800143003464,0.05873600021004677,2.4020702963342333,1.0683737531177013,0.00048828125,ok,
1,256,0,256,32896,128,64,8,2,0.14108800143003464,0.061184000223875046,2.3059623580313025,1.02562762745027,0.00048828125,ok,
1,256,2048,2304,557184,32,16,4,2,0.2455200031399727,0.2499999925494194,0.9820800418281568,0.6504320100078586,0.0001220703125,ok,
1,256,2048,2304,557184,32,32,2,2,0.2455200031399727,0.2171039953827858,1.1308866182176212,0.7489866659025186,0.0001220703125,ok,
1,256,2048,2304,557184,32,32,4,2,0.2455200031399727,0.1725119948387146,1.423205403018584,0.9425895156327794,0.0001220703125,ok,
1,256,2048,2304,557184,64,32,4,2,0.2455200031399727,0.16260799765586853,1.509888853434952,1.0,0.0001220703125,ok,
1,256,2048,2304,557184,64,64,4,2,0.2455200031399727,0.14894399791955948,1.648404813684209,1.0917391766514055,0.0001220703125,ok,
1,256,2048,2304,557184,128,64,8,2,0.2455200031399727,0.16499200463294983,1.4880721261989016,0.9855507727032902,0.0001220703125,ok,
1,256,8192,8448,2130048,32,16,4,2,0.6656320095062256,0.7952159941196442,0.8370455504269925,0.5916178868951908,6.103515625e-05,ok,
1,256,8192,8448,2130048,32,32,2,2,0.6656320095062256,0.668256014585495,0.9960733535920406,0.7040176157009842,6.103515625e-05,ok,
1,256,8192,8448,2130048,32,32,4,2,0.6656320095062256,0.507856011390686,1.3106707306338545,0.9263728212609487,6.103515625e-05,ok,
1,256,8192,8448,2130048,64,32,4,2,0.6656320095062256,0.4704640060663223,1.414841520123412,1.0,6.103515625e-05,ok,
1,256,8192,8448,2130048,64,64,4,2,0.6656320095062256,0.42268800735473633,1.5747596286724101,1.1130289903670971,6.103515625e-05,ok,
1,256,8192,8448,2130048,128,64,8,2,0.6656320095062256,0.48028799891471863,1.3859018151823885,0.9795456208137721,6.103515625e-05,ok,
1,256,16384,16640,4227200,32,16,4,2,1.2600959539413452,1.4291680455207825,0.8816989421857468,0.5863327230518695,3.0517578125e-05,ok,
1,256,16384,16640,4227200,32,32,2,2,1.2600959539413452,1.2047839760780334,1.0459102867913055,0.6955338122580106,3.0517578125e-05,ok,
1,256,16384,16640,4227200,32,32,4,2,1.2600959539413452,0.9070880115032196,1.389166142602991,0.9238000956932989,3.0517578125e-05,ok,
1,256,16384,16640,4227200,64,32,4,2,1.2600959539413452,0.8379679918289185,1.503751892946538,1.0,3.0517578125e-05,ok,
1,256,16384,16640,4227200,64,64,4,2,1.2600959539413452,0.7338400185108185,1.7171262429902063,1.141894651002281,3.0517578125e-05,ok,
1,256,16384,16640,4227200,128,64,8,2,1.2600959539413452,0.8479999899864197,1.4859622273834285,0.9881698133538164,3.0517578125e-05,ok,
1,384,0,384,73920,32,16,4,2,0.1377279981970787,0.08603199943900108,1.6008926805744115,0.7567416855925462,0.0009765625,ok,
1,384,0,384,73920,32,32,2,2,0.1377279981970787,0.07348800078034401,1.8741562804075778,0.8859133406685378,0.0009765625,ok,
1,384,0,384,73920,32,32,4,2,0.1377279981970787,0.06968000158667564,1.9765785743526065,0.9343283408135856,0.0009765625,ok,
1,384,0,384,73920,64,32,4,2,0.1377279981970787,0.06510400027036667,2.1155074592208774,1.0,0.0009765625,ok,
1,384,0,384,73920,64,64,4,2,0.1377279981970787,0.06286400184035301,2.1908881739162487,1.0356324504396375,0.0009765625,ok,
1,384,0,384,73920,128,64,8,2,0.1377279981970787,0.06615999713540077,2.0817412962580595,0.9840387407684899,0.0009765625,ok,
1,384,2048,2432,860352,32,16,4,2,0.24225600063800812,0.2847519963979721,0.8507613772773301,0.5584087147136043,0.0001220703125,ok,
1,384,2048,2432,860352,32,32,2,2,0.24225600063800812,0.21564799547195435,1.1233862856356307,0.7373497535774867,0.0001220703125,ok,
1,384,2048,2432,860352,32,32,4,2,0.24225600063800812,0.19313599914312363,1.2543285649118374,0.8232954862179341,0.0001220703125,ok,
1,384,2048,2432,860352,64,32,4,2,0.24225600063800812,0.1590079963207245,1.5235460243733252,1.0,0.0001220703125,ok,
1,384,2048,2432,860352,64,64,4,2,0.24225600063800812,0.1451679989695549,1.6687975473769177,1.0953377979266088,0.0001220703125,ok,
1,384,2048,2432,860352,128,64,8,2,0.24225600063800812,0.16051200032234192,1.509270335872128,0.9906299591395218,0.0001220703125,ok,
1,384,8192,8576,3219648,32,16,4,2,0.6262079775333405,0.8883360028266907,0.7049224342374313,0.49752345122604597,6.103515625e-05,ok,
1,384,8192,8576,3219648,32,32,2,2,0.6262079775333405,0.6429439783096313,0.9739697371141236,0.6874129144761055,6.103515625e-05,ok,
1,384,8192,8576,3219648,32,32,4,2,0.6262079775333405,0.5654719769954681,1.1074076223203526,0.7815913289337549,6.103515625e-05,ok,
1,384,8192,8576,3219648,64,32,4,2,0.6262079775333405,0.44196799397468567,1.4168627277775399,1.0,6.103515625e-05,ok,
1,384,8192,8576,3219648,64,64,4,2,0.6262079775333405,0.394896000623703,1.585754164499769,1.1192009877958669,6.103515625e-05,ok,
1,384,8192,8576,3219648,128,64,8,2,0.6262079775333405,0.4471360146999359,1.4004865565427025,0.9884419493054739,6.103515625e-05,ok,
1,384,16384,16768,6365376,32,16,4,2,1.1744800209999084,1.6954079866409302,0.6927418239469761,0.4871039908064294,3.0517578125e-05,ok,
1,384,16384,16768,6365376,32,32,2,2,1.1744800209999084,1.2139519453048706,0.9674847719816049,0.6802905168791422,3.0517578125e-05,ok,
1,384,16384,16768,6365376,32,32,4,2,1.1744800209999084,1.0663999915122986,1.101350366042612,0.774418607380837,3.0517578125e-05,ok,
1,384,16384,16768,6365376,64,32,4,2,1.1744800209999084,0.8258399963378906,1.4221641313184503,1.0,3.0517578125e-05,ok,
1,384,16384,16768,6365376,64,64,4,2,1.1744800209999084,0.7155199944972992,1.6414356412570406,1.1541815779978288,3.0517578125e-05,ok,
1,384,16384,16768,6365376,128,64,8,2,1.1744800209999084,0.8368320167064667,1.403483611468797,0.9868647229681322,3.0517578125e-05,ok,
1,512,0,512,131328,32,16,4,2,0.1481120064854622,0.09419200196862221,1.5724478022539763,0.7523356725686946,0.00048828125,ok,
1,512,0,512,131328,32,32,2,2,0.1481120064854622,0.08137600123882294,1.8200944287097849,0.8708218894128621,0.00048828125,ok,
1,512,0,512,131328,32,32,4,2,0.1481120064854622,0.07599999755620956,1.948842253263477,0.9324211240828556,0.00048828125,ok,
1,512,0,512,131328,64,32,4,2,0.1481120064854622,0.0708640031516552,2.0900880545583838,1.0,0.00048828125,ok,
1,512,0,512,131328,64,64,4,2,0.1481120064854622,0.06764800101518631,2.189451340213475,1.0475402390049475,0.00048828125,ok,
1,512,0,512,131328,128,64,8,2,0.1481120064854622,0.07073600217700005,2.0938701923646614,1.0018095590748097,0.00048828125,ok,
1,512,2048,2560,1179904,32,16,4,2,0.24619200080633163,0.2932160049676895,0.8396267483197596,0.5656989978296414,0.0001220703125,ok,
1,512,2048,2560,1179904,32,32,2,2,0.24619200080633163,0.223968006670475,1.0992284320704557,0.7406057794758214,0.0001220703125,ok,
1,512,2048,2560,1179904,32,32,4,2,0.24619200080633163,0.20103999972343445,1.2245921266663928,0.8250696398031184,0.0001220703125,ok,
1,512,2048,2560,1179904,64,32,4,2,0.24619200080633163,0.1658720001578331,1.484228806381253,1.0,0.0001220703125,ok,
1,512,2048,2560,1179904,64,64,4,2,0.24619200080633163,0.1504479944705963,1.6363927061483536,1.102520513759665,0.0001220703125,ok,
1,512,2048,2560,1179904,128,64,8,2,0.24619200080633163,0.16511999815702438,1.4909883936178954,1.0045542757340244,0.0001220703125,ok,
1,512,8192,8704,4325632,32,16,4,2,0.6464800238609314,0.8955680131912231,0.7218659156408413,0.49772211742747385,6.103515625e-05,ok,
1,512,8192,8704,4325632,32,32,2,2,0.6464800238609314,0.6572000086307526,0.9836883983124776,0.6782471119477609,6.103515625e-05,ok,
1,512,8192,8704,4325632,32,32,4,2,0.6464800238609314,0.5724000036716461,1.129420020464886,0.7787281708012529,6.103515625e-05,ok,
1,512,8192,8704,4325632,64,32,4,2,0.6464800238609314,0.44574400782585144,1.450339236222567,1.0,6.103515625e-05,ok,
1,512,8192,8704,4325632,64,64,4,2,0.6464800238609314,0.4002079963684082,1.6153600870728717,1.113780863627536,6.103515625e-05,ok,
1,512,8192,8704,4325632,128,64,8,2,0.6464800238609314,0.4524959921836853,1.4286977896557824,0.9850783554452058,6.103515625e-05,ok,
1,512,16384,16896,8519936,32,16,4,2,1.1954240202903748,1.6799359917640686,0.7115890284814261,0.49210446083610976,3.0517578125e-05,ok,
1,512,16384,16896,8519936,32,32,2,2,1.1954240202903748,1.2179200053215027,0.9815291768483682,0.6787834930488735,3.0517578125e-05,ok,
1,512,16384,16896,8519936,32,32,4,2,1.1954240202903748,1.0712319612503052,1.1159338626296371,0.7717320107788156,3.0517578125e-05,ok,
1,512,16384,16896,8519936,64,32,4,2,1.1954240202903748,0.8267039954662323,1.4460121480557224,1.0,3.0517578125e-05,ok,
1,512,16384,16896,8519936,64,64,4,2,1.1954240202903748,0.7087520062923431,1.6866605098501706,1.1664220885820489,3.0517578125e-05,ok,
1,512,16384,16896,8519936,128,64,8,2,1.1954240202903748,0.8395359814167023,1.4239104061664132,0.9847153829799931,3.0517578125e-05,ok,
1,768,0,768,295296,32,16,4,2,0.18025600165128708,0.12753599882125854,1.4133735048714795,0.6842303520261495,0.0009765625,ok,
1,768,0,768,295296,32,32,2,2,0.18025600165128708,0.10260799899697304,1.7567441467853269,0.8504600247788735,0.00048828125,ok,
1,768,0,768,295296,32,32,4,2,0.18025600165128708,0.0957919992506504,1.881743810144595,0.9109737979383891,0.00048828125,ok,
1,768,0,768,295296,64,32,4,2,0.18025600165128708,0.08726400136947632,2.065639883828866,1.0,0.00048828125,ok,
1,768,0,768,295296,64,64,4,2,0.18025600165128708,0.08382400125265121,2.1504103712251017,1.0410383668808258,0.00048828125,ok,
1,768,0,768,295296,128,64,8,2,0.18025600165128708,0.08286399766802788,2.175323502655928,1.053099100034684,0.00048828125,ok,
1,768,2048,2816,1868160,32,16,4,2,0.3386079967021942,0.3655039966106415,0.9264139375824701,0.535020158951048,0.0001220703125,ok,
1,768,2048,2816,1868160,32,32,2,2,0.3386079967021942,0.2627520114183426,1.2886980193772026,0.7442455161742573,0.0001220703125,ok,
1,768,2048,2816,1868160,32,32,4,2,0.3386079967021942,0.24516800045967102,1.3811263952364519,0.797624510528388,0.0001220703125,ok,
1,768,2048,2816,1868160,64,32,4,2,0.3386079967021942,0.1955520063638687,1.7315495913252739,1.0,0.0001220703125,ok,
1,768,2048,2816,1868160,64,64,4,2,0.3386079967021942,0.18409600108861923,1.8393012053488156,1.0622284308594778,0.0001220703125,ok,
1,768,2048,2816,1868160,128,64,8,2,0.3386079967021942,0.1788800060749054,1.8929337276542983,1.093202145140704,0.0001220703125,ok,
1,768,8192,8960,6586752,32,16,4,2,0.8915359973907471,1.0820479989051819,0.8239338719657583,0.48043710300564296,6.103515625e-05,ok,
1,768,8192,8960,6586752,32,32,2,2,0.8915359973907471,0.7440159916877747,1.1982753157876733,0.6987161723873478,6.103515625e-05,ok,
1,768,8192,8960,6586752,32,32,4,2,0.8915359973907471,0.6952320039272308,1.2823575329596926,0.747744642033872,6.103515625e-05,ok,
1,768,8192,8960,6586752,64,32,4,2,0.8915359973907471,0.5198560059070587,1.7149671971860192,1.0,6.103515625e-05,ok,
1,768,8192,8960,6586752,64,64,4,2,0.8915359973907471,0.4785439968109131,1.8630178276857987,1.086328549457218,6.103515625e-05,ok,
1,768,8192,8960,6586752,128,64,8,2,0.8915359973907471,0.4675839990377426,1.9066862835885532,1.1117916929939615,6.103515625e-05,ok,
1,768,16384,17152,12878208,32,16,4,2,1.6546080112457275,2.0292320251464844,0.8153863090773398,0.46992359846113646,3.0517578125e-05,ok,
1,768,16384,17152,12878208,32,32,2,2,1.6546080112457275,1.3806880116462708,1.1983938422648044,0.6906585755259831,3.0517578125e-05,ok,
1,768,16384,17152,12878208,32,32,4,2,1.6546080112457275,1.2956960201263428,1.2770032365186916,0.7359627571260362,3.0517578125e-05,ok,
1,768,16384,17152,12878208,64,32,4,2,1.6546080112457275,0.9535840153694153,1.7351465466886395,1.0,3.0517578125e-05,ok,
1,768,16384,17152,12878208,64,64,4,2,1.6546080112457275,0.871423989534378,1.8987404881174121,1.0942824925888686,3.0517578125e-05,ok,
1,768,16384,17152,12878208,128,64,8,2,1.6546080112457275,0.8540639877319336,1.9373349479817452,1.1165252593096318,3.0517578125e-05,ok,
1,1024,0,1024,524800,32,16,4,2,0.2009119987487793,0.14707200229167938,1.366079169509926,0.6705830948541693,0.00048828125,ok,
1,1024,0,1024,524800,32,32,2,2,0.2009119987487793,0.11958400160074234,1.680090949118499,0.8247256919235056,0.00048828125,ok,
1,1024,0,1024,524800,32,32,4,2,0.2009119987487793,0.11008000001311302,1.825145337253326,0.8959302184902388,0.00048828125,ok,
1,1024,0,1024,524800,64,32,4,2,0.2009119987487793,0.09862399846315384,2.0371512195770536,1.0,0.00048828125,ok,
1,1024,0,1024,524800,64,64,4,2,0.2009119987487793,0.09291199967265129,2.1623902128533983,1.06147751432137,0.00048828125,ok,
1,1024,0,1024,524800,128,64,8,2,0.2009119987487793,0.0944640003144741,2.126863123305555,1.0440379206346433,0.00048828125,ok,
1,1024,2048,3072,2621952,32,16,4,2,0.3536960035562515,0.37916800379753113,0.9328213351702503,0.5430416001487727,0.0001220703125,ok,
1,1024,2048,3072,2621952,32,32,2,2,0.3536960035562515,0.27801598608493805,1.2722146252704767,0.7406192802327578,0.0001220703125,ok,
1,1024,2048,3072,2621952,32,32,4,2,0.3536960035562515,0.25671999156475067,1.3777501370283478,0.8020567399227789,0.0001220703125,ok,
1,1024,2048,3072,2621952,64,32,4,2,0.3536960035562515,0.20590399950742722,1.7177714099890191,1.0,0.0001220703125,ok,
1,1024,2048,3072,2621952,64,64,4,2,0.3536960035562515,0.19009599834680557,1.860617828003822,1.0831579901633805,0.0001220703125,ok,
1,1024,2048,3072,2621952,128,64,8,2,0.3536960035562515,0.1886560022830963,1.874819773958196,1.0914256478224778,0.0001220703125,ok,
1,1024,8192,9216,8913408,32,16,4,2,0.8993439972400665,1.0858719944953918,0.828222849285283,0.4856705014829089,6.103515625e-05,ok,
1,1024,8192,9216,8913408,32,32,2,2,0.8993439972400665,0.7520480155944824,1.1958598102664348,0.7012530917935351,6.103515625e-05,ok,
1,1024,8192,9216,8913408,32,32,4,2,0.8993439972400665,0.7072800099849701,1.2715529698897865,0.7456396175031589,6.103515625e-05,ok,
1,1024,8192,9216,8913408,64,32,4,2,0.8993439972400665,0.5273759961128235,1.7053184139379498,1.0,6.103515625e-05,ok,
1,1024,8192,9216,8913408,64,64,4,2,0.8993439972400665,0.4896319955587387,1.8367753851824757,1.0770864667677886,6.103515625e-05,ok,
1,1024,8192,9216,8913408,128,64,8,2,0.8993439972400665,0.48659200966358185,1.8482506481391907,1.0838155695927656,6.103515625e-05,ok,
1,1024,16384,17408,17302016,32,16,4,2,1.6862720251083374,2.077712059020996,0.8116004418354762,0.4637870678666819,6.103515625e-05,ok,
1,1024,16384,17408,17302016,32,32,2,2,1.6862720251083374,1.4208799600601196,1.1867800746777994,0.6781825423759387,6.103515625e-05,ok,
1,1024,16384,17408,17302016,32,32,4,2,1.6862720251083374,1.3337119817733765,1.2643449621455585,0.7225068057372609,6.103515625e-05,ok,
1,1024,16384,17408,17302016,64,32,4,2,1.6862720251083374,0.9636159837245941,1.749941941177142,1.0,6.103515625e-05,ok,
1,1024,16384,17408,17302016,64,64,4,2,1.6862720251083374,0.8716800212860107,1.934508057923066,1.1054698515436294,6.103515625e-05,ok,
1,1024,16384,17408,17302016,128,64,8,2,1.6862720251083374,0.8627839982509613,1.9544544503917016,1.1168681682530504,6.103515625e-05,ok,
1,1536,0,1536,1180416,32,16,4,2,0.3176320046186447,0.24766400456428528,1.282511785180305,0.5565605022728025,0.00048828125,ok,
1,1536,0,1536,1180416,32,32,2,2,0.3176320046186447,0.17230399698019028,1.8434395613884844,0.7999814583003532,0.00048828125,ok,
1,1536,0,1536,1180416,32,32,4,2,0.3176320046186447,0.17284800112247467,1.83763770802059,0.797463678376721,0.00048828125,ok,
1,1536,0,1536,1180416,64,32,4,2,0.3176320046186447,0.13784000277519226,2.3043528600088687,1.0,0.00048828125,ok,
1,1536,0,1536,1180416,64,64,4,2,0.3176320046186447,0.12054400146007538,2.63498806055352,1.1434828867933788,0.00048828125,ok,
1,1536,0,1536,1180416,128,64,8,2,0.3176320046186447,0.12851200252771378,2.4716135331417544,1.0725846618526305,0.00048828125,ok,
1,1536,2048,3584,4326144,32,16,4,2,0.5851359963417053,0.6786240041255951,0.8622388727549525,0.403852505592349,0.0001220703125,ok,
1,1536,2048,3584,4326144,32,32,2,2,0.5851359963417053,0.47259199619293213,1.2381419936338236,0.5799167286560426,0.0001220703125,ok,
1,1536,2048,3584,4326144,32,32,4,2,0.5851359963417053,0.4668159931898117,1.2534617598326019,0.5870921485541245,0.0001220703125,ok,
1,1536,2048,3584,4326144,64,32,4,2,0.5851359963417053,0.27406400442123413,2.1350341048157353,1.0,0.0001220703125,ok,
1,1536,2048,3584,4326144,64,64,4,2,0.5851359963417053,0.2906399965286255,2.0132672836860377,0.9429672711761171,0.0001220703125,ok,
1,1536,2048,3584,4326144,128,64,8,2,0.5851359963417053,0.31963199377059937,1.8306552777744107,0.857436082002262,0.0001220703125,ok,
1,1536,8192,9728,13763328,32,16,4,2,1.4757919907569885,1.9817280173301697,0.7446995641436255,0.3442329058043071,6.103515625e-05,ok,
1,1536,8192,9728,13763328,32,32,2,2,1.4757919907569885,1.3858880400657654,1.0648710055156814,0.49223023375466957,6.103515625e-05,ok,
1,1536,8192,9728,13763328,32,32,4,2,1.4757919907569885,1.3500320315361023,1.0931533150941561,0.5053035616815511,6.103515625e-05,ok,
1,1536,8192,9728,13763328,64,32,4,2,1.4757919907569885,0.6821759939193726,2.163359607948055,1.0,6.103515625e-05,ok,
1,1536,8192,9728,13763328,64,64,4,2,1.4757919907569885,0.8026240170001984,1.8387089839060022,0.8499321967326626,6.103515625e-05,ok,
1,1536,8192,9728,13763328,128,64,8,2,1.4757919907569885,0.9014080166816711,1.6372075280512608,0.7567893576436656,6.103515625e-05,ok,
1,1536,16384,17920,26346240,32,16,4,2,2.665216088294983,3.718511939048767,0.7167426465159534,0.32886703066337764,3.0517578125e-05,ok,
1,1536,16384,17920,26346240,32,32,2,2,2.665216088294983,2.595616102218628,1.026814437626914,0.4711390019641212,3.0517578125e-05,ok,
1,1536,16384,17920,26346240,32,32,4,2,2.665216088294983,2.540511965751648,1.049086217354792,0.4813580870182892,3.0517578125e-05,ok,
1,1536,16384,17920,26346240,64,32,4,2,2.665216088294983,1.2228959798812866,2.1794299205674963,1.0,3.0517578125e-05,ok,
1,1536,16384,17920,26346240,64,64,4,2,2.665216088294983,1.4963839650154114,1.7811044161165772,0.8172340846145675,3.0517578125e-05,ok,
1,1536,16384,17920,26346240,128,64,8,2,2.665216088294983,1.6669760346412659,1.5988328763637798,0.7336014162581854,3.0517578125e-05,ok,
1,2048,0,2048,2098176,32,16,4,2,0.38518400490283966,0.3632799983024597,1.0602951076380018,0.4522351905968783,0.00048828125,ok,
1,2048,0,2048,2098176,32,32,2,2,0.38518400490283966,0.24776000529527664,1.5546657921797473,0.6630932990034066,0.00048828125,ok,
1,2048,0,2048,2098176,32,32,4,2,0.38518400490283966,0.24585600197315216,1.5667057212819329,0.6682285482307933,0.00048828125,ok,
1,2048,0,2048,2098176,64,32,4,2,0.38518400490283966,0.1642879992723465,2.344565681053218,1.0,0.00048828125,ok,
1,2048,0,2048,2098176,64,64,4,2,0.38518400490283966,0.1637439951300621,2.35235499535044,1.0033222845323415,0.00048828125,ok,
1,2048,0,2048,2098176,128,64,8,2,0.38518400490283966,0.17652799934148788,2.181999492090279,0.9306625571308748,0.00048828125,ok,
1,2048,2048,4096,6292480,32,16,4,2,0.7538720071315765,0.8340159952640533,0.9039059339538172,0.3593216392549519,0.0001220703125,ok,
1,2048,2048,4096,6292480,32,32,2,2,0.7538720071315765,0.5611839890480042,1.3433597925886116,0.5340138001647353,0.0001220703125,ok,
1,2048,2048,4096,6292480,32,32,4,2,0.7538720071315765,0.5374879837036133,1.4025839274339644,0.5575566406492583,0.0001220703125,ok,
1,2048,2048,4096,6292480,64,32,4,2,0.7538720071315765,0.2996799945831299,2.515590031894691,1.0,0.0001220703125,ok,
1,2048,2048,4096,6292480,64,64,4,2,0.7538720071315765,0.3553759902715683,2.1213363529581413,0.8432758621484893,0.0001220703125,ok,
1,2048,2048,4096,6292480,128,64,8,2,0.7538720071315765,0.3690880089998245,2.042526413075465,0.8119472518091813,0.0001220703125,ok,
1,2048,8192,10240,18875392,32,16,4,2,1.7910720109939575,2.236944079399109,0.8006780444306314,0.3158237181470225,6.103515625e-05,ok,
1,2048,8192,10240,18875392,32,32,2,2,1.7910720109939575,1.535535991191864,1.166414868337765,0.4600869015739799,6.103515625e-05,ok,
1,2048,8192,10240,18875392,32,32,4,2,1.7910720109939575,1.4370720386505127,1.2463341870292526,0.4916107038769032,6.103515625e-05,ok,
1,2048,8192,10240,18875392,64,32,4,2,1.7910720109939575,0.7064799964427948,2.535205554314636,1.0,6.103515625e-05,ok,
1,2048,8192,10240,18875392,64,64,4,2,1.7910720109939575,0.8454239964485168,2.1185488210861627,0.8356516959662816,6.103515625e-05,ok,
1,2048,8192,10240,18875392,128,64,8,2,1.7910720109939575,0.9502399861812592,1.88486281049039,0.743475339615979,6.103515625e-05,ok,
1,2048,16384,18432,35652608,32,16,4,2,3.18448007106781,4.15779185295105,0.7659065637948137,0.30027477711936373,3.0517578125e-05,ok,
1,2048,16384,18432,35652608,32,32,2,2,3.18448007106781,2.8413280248641968,1.120771710693282,0.4394001716902274,3.0517578125e-05,ok,
1,2048,16384,18432,35652608,32,32,4,2,3.18448007106781,2.6208319664001465,1.2150645718206285,0.47636782440059944,3.0517578125e-05,ok,
1,2048,16384,18432,35652608,64,32,4,2,3.18448007106781,1.2484800219535828,2.5506856458021927,1.0,3.0517578125e-05,ok,
1,2048,16384,18432,35652608,64,64,4,2,3.18448007106781,1.5435519814491272,2.063085732997561,0.8088357482988534,3.0517578125e-05,ok,
1,2048,16384,18432,35652608,128,64,8,2,3.18448007106781,1.6913599967956543,1.8827925912289096,0.7381515610626215,3.0517578125e-05,ok,
2,128,0,128,16512,32,16,4,2,0.29257600009441376,0.07023999840021133,4.165375950429029,0.9202733760645638,0.0009765625,ok,
2,128,0,128,16512,32,32,2,2,0.29257600009441376,0.0660799965262413,4.427603139752401,0.978208290868517,0.00048828125,ok,
2,128,0,128,16512,32,32,4,2,0.29257600009441376,0.06630399823188782,4.412644906739638,0.9749035078769126,0.00048828125,ok,
2,128,0,128,16512,64,32,4,2,0.29257600009441376,0.06464000046253204,4.5262375928354555,1.0,0.00048828125,ok,
2,128,0,128,16512,64,64,4,2,0.29257600009441376,0.06584000214934349,4.443742262200566,0.9817739725449961,0.00048828125,ok,
2,128,0,128,16512,128,64,8,2,0.29257600009441376,0.05846399813890457,5.004378923919686,1.1056377004691658,0.00048828125,ok,
2,128,2048,2176,540800,32,16,4,2,0.39691200852394104,0.22412800043821335,1.7709166536439076,0.6561964681080692,0.0001220703125,ok,
2,128,2048,2176,540800,32,32,2,2,0.39691200852394104,0.19470400363206863,2.038540559617788,0.7553619830519805,0.0001220703125,ok,
2,128,2048,2176,540800,32,32,4,2,0.39691200852394104,0.1552800014615059,2.5561051312994483,0.9471406549937387,0.0001220703125,ok,
2,128,2048,2176,540800,64,32,4,2,0.39691200852394104,0.14707200229167938,2.6987598070281824,1.0,0.0001220703125,ok,
2,128,2048,2176,540800,64,64,4,2,0.39691200852394104,0.1348000019788742,2.944451058584887,1.0910385766517157,0.0001220703125,ok,
2,128,2048,2176,540800,128,64,8,2,0.39691200852394104,0.14856000244617462,2.671728607891938,0.9899838440361203,0.0001220703125,ok,
2,128,8192,8320,2113664,32,16,4,2,1.1885120272636414,0.7187840044498444,1.653503722823278,0.6011040787176954,6.103515625e-05,ok,
2,128,8192,8320,2113664,32,32,2,2,1.1885120272636414,0.6089439988136292,1.951759159428702,0.7095299364697004,6.103515625e-05,ok,
2,128,8192,8320,2113664,32,32,4,2,1.1885120272636414,0.46462400257587433,2.5580082403718567,0.9299218172037559,6.103515625e-05,ok,
2,128,8192,8320,2113664,64,32,4,2,1.1885120272636414,0.4320639967918396,2.750777746094508,1.0,6.103515625e-05,ok,
2,128,8192,8320,2113664,64,64,4,2,1.1885120272636414,0.38499200344085693,3.0871083467743308,1.1222674573245102,6.103515625e-05,ok,
2,128,8192,8320,2113664,128,64,8,2,1.1885120272636414,0.43859200179576874,2.7098351597781174,0.9851159962397834,6.103515625e-05,ok,
2,128,16384,16512,4210816,32,16,4,2,2.2703999280929565,1.7185760140419006,1.3210936900912675,0.5558927935189085,3.0517578125e-05,ok,
2,128,16384,16512,4210816,32,32,2,2,2.2703999280929565,1.308143973350525,1.7355887229123743,0.7303049517351199,3.0517578125e-05,ok,
2,128,16384,16512,4210816,32,32,4,2,2.2703999280929565,1.0227360129356384,2.2199276248971147,0.9341061713258195,3.0517578125e-05,ok,
2,128,16384,16512,4210816,64,32,4,2,2.2703999280929565,0.955344021320343,2.376526023531426,1.0,3.0517578125e-05,ok,
2,128,16384,16512,4210816,64,64,4,2,2.2703999280929565,0.7558560073375702,3.003746621119307,1.2639233029124821,3.0517578125e-05,ok,
2,128,16384,16512,4210816,128,64,8,2,2.2703999280929565,0.851423978805542,2.666591480402147,1.1220543995725725,3.0517578125e-05,ok,
2,256,0,256,65792,32,16,4,2,0.24233600497245789,0.07052800059318542,3.4360254499526097,0.8346188845510742,0.0009765625,ok,
2,256,0,256,65792,32,32,2,2,0.24233600497245789,0.06390400230884552,3.7921882232236026,0.9211316828046939,0.0009765625,ok,
2,256,0,256,65792,32,32,4,2,0.24233600497245789,0.061823999509215355,3.919772368274812,0.9521221799299441,0.0009765625,ok,
2,256,0,256,65792,64,32,4,2,0.24233600497245789,0.05886400118470192,4.116879588461245,1.0,0.0009765625,ok,
2,256,0,256,65792,64,64,4,2,0.24233600497245789,0.05774400010704994,4.196730474563559,1.019395973184671,0.0009765625,ok,
2,256,0,256,65792,128,64,8,2,0.24233600497245789,0.05967999994754791,4.060589899219911,0.9863270984657646,0.0009765625,ok,
2,256,2048,2304,1114368,32,16,4,2,0.4100000113248825,0.26787199079990387,1.530581865243037,0.5742444407544592,0.0001220703125,ok,
2,256,2048,2304,1114368,32,32,2,2,0.4100000113248825,0.20633599907159805,1.98705031196526,0.7455024922592296,0.0001220703125,ok,
2,256,2048,2304,1114368,32,32,4,2,0.4100000113248825,0.18718399852514267,2.1903582280288294,0.8217796540445881,0.0001220703125,ok,
2,256,2048,2304,1114368,64,32,4,2,0.4100000113248825,0.15382400155067444,2.6653838620224404,1.0,0.0001220703125,ok,
2,256,2048,2304,1114368,64,64,4,2,0.4100000113248825,0.14127999544143677,2.9020386788930446,1.0887882680774674,0.0001220703125,ok,
2,256,2048,2304,1114368,128,64,8,2,0.4100000113248825,0.15438400208950043,2.655715655610449,0.9963726776657769,0.0001220703125,ok,
2,256,8192,8448,4260096,32,16,4,2,1.2199040055274963,0.8661119937896729,1.4084829840420598,0.5040826138803882,6.103515625e-05,ok,
2,256,8192,8448,4260096,32,32,2,2,1.2199040055274963,0.6337119936943054,1.9250132831097442,0.6889438768508763,6.103515625e-05,ok,
2,256,8192,8448,4260096,32,32,4,2,1.2199040055274963,0.5607199966907501,2.1756028191024215,0.7786274795251209,6.103515625e-05,ok,
2,256,8192,8448,4260096,64,32,4,2,1.2199040055274963,0.4365919977426529,2.794151088052152,1.0,6.103515625e-05,ok,
2,256,8192,8448,4260096,64,64,4,2,1.2199040055274963,0.38731199502944946,3.1496675062561392,1.1272359321312948,6.103515625e-05,ok,
2,256,8192,8448,4260096,128,64,8,2,1.2199040055274963,0.4431360065937042,2.752888475266654,0.985232504798349,6.103515625e-05,ok,
2,256,16384,16640,8454400,32,16,4,2,2.313696026802063,1.6847519874572754,1.373315505206215,0.5799880299084592,3.0517578125e-05,ok,
2,256,16384,16640,8454400,32,32,2,2,2.313696026802063,1.3370239734649658,1.7304820801425136,0.730829069248032,3.0517578125e-05,ok,
2,256,16384,16640,8454400,32,32,4,2,2.313696026802063,1.0699679851531982,2.162397435163247,0.9132385264310501,3.0517578125e-05,ok,
2,256,16384,16640,8454400,64,32,4,2,2.313696026802063,0.9771359860897064,2.3678342213768935,1.0,3.0517578125e-05,ok,
2,256,16384,16640,8454400,64,64,4,2,2.313696026802063,0.766864001750946,3.017087803729612,1.2741972290505954,3.0517578125e-05,ok,
2,256,16384,16640,8454400,128,64,8,2,2.313696026802063,0.8505440056324005,2.720254344843419,1.1488364853775928,3.0517578125e-05,ok,
2,384,0,384,147840,32,16,4,2,0.24987199157476425,0.08745600283145905,2.857116532713088,0.7749725552910997,0.0009765625,ok,
2,384,0,384,147840,32,32,2,2,0.24987199157476425,0.07547200098633766,3.310790601934582,0.8980284225153992,0.0009765625,ok,
2,384,0,384,147840,32,32,4,2,0.24987199157476425,0.0713919997215271,3.499999895638438,0.9493500988095268,0.0009765625,ok,
2,384,0,384,147840,64,32,4,2,0.24987199157476425,0.06777600198984146,3.686732534211978,1.0,0.0009765625,ok,
2,384,0,384,147840,64,64,4,2,0.24987199157476425,0.06604800000786781,3.783187856483146,1.0261628207026374,0.0009765625,ok,
2,384,0,384,147840,128,64,8,2,0.24987199157476425,0.06518400087952614,3.833333152357136,1.0397643758490045,0.0009765625,ok,
2,384,2048,2432,1720704,32,16,4,2,0.43324799835681915,0.3229120075702667,1.3416905788569753,0.5465265803480512,0.0001220703125,ok,
2,384,2048,2432,1720704,32,32,2,2,0.43324799835681915,0.23868799954652786,1.8151226671635219,0.739375232881368,0.0001220703125,ok,
2,384,2048,2432,1720704,32,32,4,2,0.43324799835681915,0.21953599900007248,1.9734713228361063,0.8038772504487687,0.0001220703125,ok,
2,384,2048,2432,1720704,64,32,4,2,0.43324799835681915,0.1764799952507019,2.4549411265642926,1.0,0.0001220703125,ok,
2,384,2048,2432,1720704,64,64,4,2,0.43324799835681915,0.16496000438928604,2.6263820734049284,1.0698350542852197,0.0001220703125,ok,
2,384,2048,2432,1720704,128,64,8,2,0.43324799835681915,0.1608159989118576,2.694060300519478,1.0974032213513139,0.0001220703125,ok,
2,384,8192,8576,6439296,32,16,4,2,1.2466239929199219,1.0313119888305664,1.2087748483691185,0.4900321016377707,6.103515625e-05,ok,
2,384,8192,8576,6439296,32,32,2,2,1.2466239929199219,0.7270880043506622,1.7145434740506271,0.6950685175754011,6.103515625e-05,ok,
2,384,8192,8576,6439296,32,32,4,2,1.2466239929199219,0.6718080043792725,1.8556253941507583,0.752262518511999,6.103515625e-05,ok,
2,384,8192,8576,6439296,64,32,4,2,1.2466239929199219,0.5053759813308716,2.4667258416932016,1.0,6.103515625e-05,ok,
2,384,8192,8576,6439296,64,64,4,2,1.2466239929199219,0.465488001704216,2.67810123645692,1.085690671898352,6.103515625e-05,ok,
2,384,8192,8576,6439296,128,64,8,2,1.2466239929199219,0.4567359983921051,2.729419177180124,1.1064947433747259,6.103515625e-05,ok,
2,384,16384,16768,12730752,32,16,4,2,2.3531839847564697,1.9927200078964233,1.1808904288769415,0.49119595263190735,3.0517578125e-05,ok,
2,384,16384,16768,12730752,32,32,2,2,2.3531839847564697,1.3842080235481262,1.7000219220840647,0.7071307100925167,3.0517578125e-05,ok,
2,384,16384,16768,12730752,32,32,4,2,2.3531839847564697,1.270687997341156,1.8518975465892307,0.7703039649823274,3.0517578125e-05,ok,
2,384,16384,16768,12730752,64,32,4,2,2.3531839847564697,0.9788160026073456,2.404112701966577,1.0,3.0517578125e-05,ok,
2,384,16384,16768,12730752,64,64,4,2,2.3531839847564697,0.8572160005569458,2.7451470612162763,1.1418545640438285,3.0517578125e-05,ok,
2,384,16384,16768,12730752,128,64,8,2,2.3531839847564697,0.8579199910163879,2.742894453326149,1.140917583057752,3.0517578125e-05,ok,
2,512,0,512,262656,32,16,4,2,0.2601440101861954,0.09812800213694572,2.6510680388982437,0.7480841204607184,0.0009765625,ok,
2,512,0,512,262656,32,32,2,2,0.2601440101861954,0.08452799916267395,3.0776075710197373,0.8684459693634887,0.00048828125,ok,
2,512,0,512,262656,32,32,4,2,0.2601440101861954,0.078015998005867,3.334495703902062,0.9409352190260268,0.00048828125,ok,
2,512,0,512,262656,64,32,4,2,0.2601440101861954,0.07340800017118454,3.543810069468585,1.0,0.00048828125,ok,
2,512,0,512,262656,64,64,4,2,0.2601440101861954,0.07129599899053574,3.6487883453421905,1.0296229972305901,0.00048828125,ok,
2,512,0,512,262656,128,64,8,2,0.2601440101861954,0.07160000130534172,3.6332961654120433,1.0252513803475019,0.00048828125,ok,
2,512,2048,2560,2359808,32,16,4,2,0.4485919922590256,0.335439994931221,1.3373241087456056,0.544621990754119,0.0001220703125,ok,
2,512,2048,2560,2359808,32,32,2,2,0.4485919922590256,0.24880000203847885,1.8030224621527429,0.7342765125449598,0.0001220703125,ok,
2,512,2048,2560,2359808,32,32,4,2,0.4485919922590256,0.22883200645446777,1.960355105955359,0.7983498490817271,0.0001220703125,ok,
2,512,2048,2560,2359808,64,32,4,2,0.4485919922590256,0.18268799781799316,2.4555088326379546,1.0,0.0001220703125,ok,
2,512,2048,2560,2359808,64,64,4,2,0.4485919922590256,0.1690399944782257,2.6537624639878308,1.0807383091906424,0.0001220703125,ok,
2,512,2048,2560,2359808,128,64,8,2,0.4485919922590256,0.1679999977350235,2.6701904661127633,1.0874285731011508,0.0001220703125,ok,
2,512,8192,8704,8651264,32,16,4,2,1.2845919728279114,1.064527988433838,1.206724470173713,0.48037818530717225,6.103515625e-05,ok,
2,512,8192,8704,8651264,32,32,2,2,1.2845919728279114,0.7395359873771667,1.7370242892219978,0.6914822699922747,6.103515625e-05,ok,
2,512,8192,8704,8651264,32,32,4,2,1.2845919728279114,0.6843999922275543,1.8769608232268957,0.7471888210111427,6.103515625e-05,ok,
2,512,8192,8704,8651264,64,32,4,2,1.2845919728279114,0.5113760232925415,2.5120301193570787,1.0,6.103515625e-05,ok,
2,512,8192,8704,8651264,64,64,4,2,1.2845919728279114,0.4646560102701187,2.7646085371437223,1.1005475276113679,6.103515625e-05,ok,
2,512,8192,8704,8651264,128,64,8,2,1.2845919728279114,0.459632009267807,2.7948270506100394,1.1125770463792604,6.103515625e-05,ok,
2,512,16384,16896,17039872,32,16,4,2,2.394431948661804,2.1291040182113647,1.1246195245422244,0.4660138685869417,3.0517578125e-05,ok,
2,512,16384,16896,17039872,32,32,2,2,2.394431948661804,1.3893280029296875,1.7234461146774884,0.7141524521627989,3.0517578125e-05,ok,
2,512,16384,16896,17039872,32,32,4,2,2.394431948661804,1.306015968322754,1.8333864261528474,0.759708934818691,3.0517578125e-05,ok,
2,512,16384,16896,17039872,64,32,4,2,2.394431948661804,0.9921920001506805,2.4132747979203324,1.0,3.0517578125e-05,ok,
2,512,16384,16896,17039872,64,64,4,2,2.394431948661804,0.8588320016860962,2.788009696845194,1.155280658152894,3.0517578125e-05,ok,
2,512,16384,16896,17039872,128,64,8,2,2.394431948661804,0.8736640214920044,2.7406782124010327,1.1356676888860082,3.0517578125e-05,ok,
2,768,0,768,590592,32,16,4,2,0.29734399914741516,0.15359999984502792,1.9358333297357766,0.6118750031225985,0.0009765625,ok,
2,768,0,768,590592,32,32,2,2,0.29734399914741516,0.1119840033352375,2.6552363756569797,0.8392627302620647,0.0009765625,ok,
2,768,0,768,590592,32,32,4,2,0.29734399914741516,0.11308800056576729,2.6293152028494147,0.8310696087526138,0.0009765625,ok,
2,768,0,768,590592,64,32,4,2,0.29734399914741516,0.09398400038480759,3.163772535005655,1.0,0.0009765625,ok,
2,768,0,768,590592,64,64,4,2,0.29734399914741516,0.08740799874067307,3.4017939254002596,1.0752334081420234,0.0009765625,ok,
2,768,0,768,590592,128,64,8,2,0.29734399914741516,0.09252800047397614,3.213556951671557,1.0157357762339299,0.0009765625,ok,
2,768,2048,2816,3736320,32,16,4,2,0.6454240083694458,0.6059519946575165,1.0651404963758537,0.37869667217922154,0.0001220703125,ok,
2,768,2048,2816,3736320,32,32,2,2,0.6454240083694458,0.41601599752902985,1.551440358551134,0.5515941820510165,0.0001220703125,ok,
2,768,2048,2816,3736320,32,32,4,2,0.6454240083694458,0.40612800419330597,1.5892132571637227,0.5650238385628302,0.0001220703125,ok,
2,768,2048,2816,3736320,64,32,4,2,0.6454240083694458,0.22947200387716293,2.812648155175144,1.0,0.0001220703125,ok,
2,768,2048,2816,3736320,64,64,4,2,0.6454240083694458,0.2558719962835312,2.5224487937095423,0.8968234398847051,0.0001220703125,ok,
2,768,2048,2816,3736320,128,64,8,2,0.6454240083694458,0.2831199914216995,2.2796836250538886,0.8105114821629484,0.0001220703125,ok,
2,768,8192,8960,13173504,32,16,4,2,1.7724159955978394,2.0443679094314575,0.8669750622776854,0.31500396136284875,6.103515625e-05,ok,
2,768,8192,8960,13173504,32,32,2,2,1.7724159955978394,1.372976005077362,1.2909300592605553,0.4690424214061255,6.103515625e-05,ok,
2,768,8192,8960,13173504,32,32,4,2,1.7724159955978394,1.304416000843048,1.3587812434471223,0.49369525484031623,6.103515625e-05,ok,
2,768,8192,8960,13173504,64,32,4,2,1.7724159955978394,0.6439839899539948,2.752267173170653,1.0,6.103515625e-05,ok,
2,768,8192,8960,13173504,64,64,4,2,1.7724159955978394,0.7927359938621521,2.2358212687716597,0.812356187860919,6.103515625e-05,ok,
2,768,8192,8960,13173504,128,64,8,2,1.7724159955978394,0.8441439867019653,2.0996607492551043,0.7628840578134222,6.103515625e-05,ok,
2,768,16384,17152,25756416,32,16,4,2,3.324863910675049,4.243904113769531,0.7834446353034659,0.2768582715588298,3.0517578125e-05,ok,
2,768,16384,17152,25756416,32,32,2,2,3.324863910675049,2.8155840635299683,1.1808789351174915,0.4173059411788839,3.0517578125e-05,ok,
2,768,16384,17152,25756416,32,32,4,2,3.324863910675049,2.555631995201111,1.3009947899065197,0.4597531881765233,3.0517578125e-05,ok,
2,768,16384,17152,25756416,64,32,4,2,3.324863910675049,1.17495995759964,2.8297678479762927,1.0,3.0517578125e-05,ok,
2,768,16384,17152,25756416,64,64,4,2,3.324863910675049,1.5381919741630554,2.1615402800967924,0.7638578131568698,3.0517578125e-05,ok,
2,768,16384,17152,25756416,128,64,8,2,3.324863910675049,1.6474720239639282,2.0181610748540684,0.7131896265968799,3.0517578125e-05,ok,
2,1024,0,1024,1049600,32,16,4,2,0.34092800319194794,0.21040000021457672,1.6203802416551905,0.5022053222783337,0.0009765625,ok,
2,1024,0,1024,1049600,32,32,2,2,0.34092800319194794,0.14880000054836273,2.2911828087066444,0.7101075236943984,0.00048828125,ok,
2,1024,0,1024,1049600,32,32,4,2,0.34092800319194794,0.14718399941921234,2.3163387632979733,0.7179041222692197,0.00048828125,ok,
2,1024,0,1024,1049600,64,32,4,2,0.34092800319194794,0.10566399991512299,3.22652940893593,1.0,0.0009765625,ok,
2,1024,0,1024,1049600,64,64,4,2,0.34092800319194794,0.10697600245475769,3.1869577790227606,0.9877355433973187,0.00048828125,ok,
2,1024,0,1024,1049600,128,64,8,2,0.34092800319194794,0.11667200177907944,2.9221064007927224,0.9056500128899794,0.00048828125,ok,
2,1024,2048,3072,5243904,32,16,4,2,0.6870720088481903,0.6768159866333008,1.015153339190326,0.356090877499144,0.0001220703125,ok,
2,1024,2048,3072,5243904,32,32,2,2,0.6870720088481903,0.4697120040655136,1.462751649737187,0.5130973798831978,0.0001220703125,ok,
2,1024,2048,3072,5243904,32,32,4,2,0.6870720088481903,0.4402559995651245,1.560619297696943,0.5474269489200909,0.0001220703125,ok,
2,1024,2048,3072,5243904,64,32,4,2,0.6870720088481903,0.241007998585701,2.8508265820226364,1.0,0.0001220703125,ok,
2,1024,2048,3072,5243904,64,64,4,2,0.6870720088481903,0.2795040011405945,2.4581830887729703,0.8622702988229157,0.0001220703125,ok,
2,1024,2048,3072,5243904,128,64,8,2,0.6870720088481903,0.3070880025625229,2.237378220949231,0.784817370182451,0.0001220703125,ok,
2,1024,8192,9216,17826816,32,16,4,2,1.7967680096626282,2.135711908340454,0.8412969945271314,0.3078842241280668,6.103515625e-05,ok,
2,1024,8192,9216,17826816,32,32,2,2,1.7967680096626282,1.4787680506706238,1.2150438392605187,0.44466203037201996,6.103515625e-05,ok,
2,1024,8192,9216,17826816,32,32,4,2,1.7967680096626282,1.3561280369758606,1.3249250518184008,0.48487457373626897,6.103515625e-05,ok,
2,1024,8192,9216,17826816,64,32,4,2,1.7967680096626282,0.6575520038604736,2.7325108875250046,1.0,6.103515625e-05,ok,
2,1024,8192,9216,17826816,64,64,4,2,1.7967680096626282,0.7975519895553589,2.252853774039658,0.8244628719778678,6.103515625e-05,ok,
2,1024,8192,9216,17826816,128,64,8,2,1.7967680096626282,0.8840800225734711,2.0323590215650515,0.7437697799644919,6.103515625e-05,ok,
2,1024,16384,17408,34604032,32,16,4,2,3.306015968322754,4.2704479694366455,0.7741613975825775,0.2811508374174283,3.0517578125e-05,ok,
2,1024,16384,17408,34604032,32,32,2,2,3.306015968322754,2.907631993293762,1.137013203853801,0.4129270917103184,3.0517578125e-05,ok,
2,1024,16384,17408,34604032,32,32,4,2,3.306015968322754,2.6252959966659546,1.259292655960049,0.45733510593831905,3.0517578125e-05,ok,
2,1024,16384,17408,34604032,64,32,4,2,3.306015968322754,1.2006400227546692,2.7535446975502693,1.0,3.0517578125e-05,ok,
2,1024,16384,17408,34604032,64,64,4,2,3.306015968322754,1.5604159832000732,2.118676047872078,0.7694358656160507,3.0517578125e-05,ok,
2,1024,16384,17408,34604032,128,64,8,2,3.306015968322754,1.6941920518875122,1.9513820553221795,0.7086799996594406,3.0517578125e-05,ok,
2,1536,0,1536,2360832,32,16,4,2,0.5890719890594482,0.37564800679683685,1.5681488478602212,0.4387085589130143,0.0009765625,ok,
2,1536,0,1536,2360832,32,32,2,2,0.5890719890594482,0.24014399945735931,2.452994829729425,0.6862548974480992,0.00048828125,ok,
2,1536,0,1536,2360832,32,32,4,2,0.5890719890594482,0.2515200078487396,2.3420482294740834,0.6552162475261004,0.00048828125,ok,
2,1536,0,1536,2360832,64,32,4,2,0.5890719890594482,0.1647999957203865,3.574466045854256,1.0,0.00048828125,ok,
2,1536,0,1536,2360832,64,64,4,2,0.5890719890594482,0.16332800686359406,3.606680815932695,1.009012470580271,0.00048828125,ok,
2,1536,0,1536,2360832,128,64,8,2,0.5890719890594482,0.17350400239229202,3.3951492814993296,0.9498339718283514,0.00048828125,ok,
2,1536,2048,3584,8652288,32,16,4,2,1.1455039978027344,1.0734559893608093,1.0671178037628037,0.37872442274268897,0.0001220703125,ok,
2,1536,2048,3584,8652288,32,32,2,2,1.1455039978027344,0.7002879977226257,1.6357612889667894,0.5805382945765993,0.0001220703125,ok,
2,1536,2048,3584,8652288,32,32,4,2,1.1455039978027344,0.7000479996204376,1.6363220785200738,0.5807373210562428,0.0001220703125,ok,
2,1536,2048,3584,8652288,64,32,4,2,1.1455039978027344,0.4065439999103546,2.8176630280002284,1.0,0.0001220703125,ok,
2,1536,2048,3584,8652288,64,64,4,2,1.1455039978027344,0.42894400656223297,2.670521047684903,0.9477787163145069,0.0001220703125,ok,
2,1536,2048,3584,8652288,128,64,8,2,1.1455039978027344,0.469200000166893,2.441398118915776,0.866462062586846,0.0001220703125,ok,
2,1536,8192,9728,27526656,32,16,4,2,2.988703966140747,3.247088074684143,0.9204259008069776,0.3477183200911326,6.103515625e-05,ok,
2,1536,8192,9728,27526656,32,32,2,2,2.988703966140747,2.1420319080352783,1.395265847781911,0.527103264093172,6.103515625e-05,ok,
2,1536,8192,9728,27526656,32,32,4,2,2.988703966140747,2.037295937538147,1.4669954968605465,0.5542012771504774,6.103515625e-05,ok,
2,1536,8192,9728,27526656,64,32,4,2,2.988703966140747,1.1290720105171204,2.6470445979543027,1.0,6.103515625e-05,ok,
2,1536,8192,9728,27526656,64,64,4,2,2.988703966140747,1.2366559505462646,2.4167626936340336,0.9130041463985019,6.103515625e-05,ok,
2,1536,8192,9728,27526656,128,64,8,2,2.988703966140747,1.3163039684295654,2.2705272017879436,0.85775933036514,6.103515625e-05,ok,
2,1536,16384,17920,52692480,32,16,4,2,5.712512016296387,6.368544101715088,0.8969886876904837,0.33191636520599094,3.0517578125e-05,ok,
2,1536,16384,17920,52692480,32,32,2,2,5.712512016296387,4.295919895172119,1.3297529180458592,0.49205387006189344,3.0517578125e-05,ok,
2,1536,16384,17920,52692480,32,32,4,2,5.712512016296387,3.869696021080017,1.4762172494112462,0.5462506611321281,3.0517578125e-05,ok,
2,1536,16384,17920,52692480,64,32,4,2,5.712512016296387,2.1138240098953247,2.702453936351715,1.0,3.0517578125e-05,ok,
2,1536,16384,17920,52692480,64,64,4,2,5.712512016296387,2.3688000440597534,2.4115636229498008,0.892360676535855,3.0517578125e-05,ok,
2,1536,16384,17920,52692480,128,64,8,2,5.712512016296387,2.5176799297332764,2.2689587937024114,0.8395920327010208,3.0517578125e-05,ok,
2,2048,0,2048,4196352,32,16,4,2,0.7411519885063171,0.5963359773159027,1.2428429890180845,0.3882375136277553,0.0009765625,ok,
2,2048,0,2048,4196352,32,32,2,2,0.7411519885063171,0.36102399230003357,2.0529161615673823,0.6412870115499025,0.0009765625,ok,
2,2048,0,2048,4196352,32,32,4,2,0.7411519885063171,0.3935199975967407,1.8833909154111452,0.5883309578517366,0.0009765625,ok,
2,2048,0,2048,4196352,64,32,4,2,0.7411519885063171,0.23151999711990356,3.2012439431850743,1.0,0.0009765625,ok,
2,2048,0,2048,4196352,64,64,4,2,0.7411519885063171,0.23288000375032425,3.1825488516434515,0.9941600540685375,0.0009765625,ok,
2,2048,0,2048,4196352,128,64,8,2,0.7411519885063171,0.2470559999346733,2.999935191625757,0.9371154603859944,0.0009765625,ok,
2,2048,2048,4096,12584960,32,16,4,2,1.4993919730186462,1.5391839742660522,0.9741473391662745,0.32584537669234304,0.0001220703125,ok,
2,2048,2048,4096,12584960,32,32,2,2,1.4993919730186462,0.8486720025539398,1.7667508395545874,0.5909656267489074,0.0001220703125,ok,
2,2048,2048,4096,12584960,32,32,4,2,1.4993919730186462,0.9796479940414429,1.5305415640500115,0.511955299193235,0.0001220703125,ok,
2,2048,2048,4096,12584960,64,32,4,2,1.4993919730186462,0.5015359818935394,2.9896000030899494,1.0,0.0001220703125,ok,
2,2048,2048,4096,12584960,64,64,4,2,1.4993919730186462,0.530239999294281,2.8277609667589223,0.9458659900442348,0.0001220703125,ok,
2,2048,2048,4096,12584960,128,64,8,2,1.4993919730186462,0.5221920013427734,2.871342282461401,0.9604436310856567,0.0001220703125,ok,
2,2048,8192,10240,37750784,32,16,4,2,3.6121920347213745,4.4398720264434814,0.8135802142961511,0.29359403975035564,6.103515625e-05,ok,
2,2048,8192,10240,37750784,32,32,2,2,3.6121920347213745,2.391152024269104,1.510649259461243,0.5451430737100802,6.103515625e-05,ok,
2,2048,8192,10240,37750784,32,32,4,2,3.6121920347213745,2.7908159494400024,1.2943139569795663,0.46707485833299056,6.103515625e-05,ok,
2,2048,8192,10240,37750784,64,32,4,2,3.6121920347213745,1.3035199642181396,2.77110603126665,1.0,6.103515625e-05,ok,
2,2048,8192,10240,37750784,64,64,4,2,3.6121920347213745,1.3868799805641174,2.6045455160814313,0.9398938498542095,6.103515625e-05,ok,
2,2048,8192,10240,37750784,128,64,8,2,3.6121920347213745,1.3428000211715698,2.690044666196683,0.9707476494384033,6.103515625e-05,ok,
2,2048,16384,18432,71305216,32,16,4,2,6.3264319896698,8.505136013031006,0.7438366629265963,0.2797876474296085,6.103515625e-05,ok,
2,2048,16384,18432,71305216,32,32,2,2,6.3264319896698,4.488656044006348,1.4094267699832812,0.5301435380267734,6.103515625e-05,ok,
2,2048,16384,18432,71305216,32,32,4,2,6.3264319896698,5.181920051574707,1.2208663828665771,0.4592181995227138,6.103515625e-05,ok,
2,2048,16384,18432,71305216,64,32,4,2,6.3264319896698,2.379631996154785,2.658575779739302,1.0,6.103515625e-05,ok,
2,2048,16384,18432,71305216,64,64,4,2,6.3264319896698,2.5413599014282227,2.4893884514800124,0.9363616679469335,3.0517578125e-05,ok,
2,2048,16384,18432,71305216,128,64,8,2,6.3264319896698,2.540479898452759,2.490250756765609,0.936686016529422,3.0517578125e-05,ok,
4,128,0,128,33024,32,16,4,2,0.4556479901075363,0.058799998834729195,7.749115631587662,0.9072109045584724,0.0009765625,ok,
4,128,0,128,33024,32,32,2,2,0.4556479901075363,0.05563199892640114,8.190393998071865,0.9588726121717059,0.0009765625,ok,
4,128,0,128,33024,32,32,4,2,0.4556479901075363,0.053888000547885895,8.455462913355616,0.9899049804879904,0.0009765625,ok,
4,128,0,128,33024,64,32,4,2,0.4556479901075363,0.0533440001308918,8.541691455262052,1.0,0.0009765625,ok,
4,128,0,128,33024,64,64,4,2,0.4556479901075363,0.05273599922657013,8.640169842045315,1.0115291435307694,0.0009765625,ok,
4,128,0,128,33024,128,64,8,2,0.4556479901075363,0.053968001157045364,8.442928778881647,0.9884375738812757,0.0009765625,ok,
4,128,2048,2176,1081600,32,16,4,2,0.7314879894256592,0.25438399612903595,2.8755267648779794,0.5860117034194166,0.0001220703125,ok,
4,128,2048,2176,1081600,32,32,2,2,0.7314879894256592,0.19675199687480927,3.7178173591350916,0.7576644774236635,0.0001220703125,ok,
4,128,2048,2176,1081600,32,32,4,2,0.7314879894256592,0.18009600043296814,4.061655937206221,0.827736310278025,0.0001220703125,ok,
4,128,2048,2176,1081600,64,32,4,2,0.7314879894256592,0.14907199889421463,4.906944260838295,1.0,0.0001220703125,ok,
4,128,2048,2176,1081600,64,64,4,2,0.7314879894256592,0.13755200058221817,5.317901494194779,1.0837501327733192,0.0001220703125,ok,
4,128,2048,2176,1081600,128,64,8,2,0.7314879894256592,0.1502079963684082,4.869833877762223,0.9924371704459237,0.0001220703125,ok,
4,128,8192,8320,4227328,32,16,4,2,2.366863965988159,0.8843839764595032,2.676285447259616,0.5747186807266264,6.103515625e-05,ok,
4,128,8192,8320,4227328,32,32,2,2,2.366863965988159,0.6899359822273254,3.4305559167202655,0.7366944257142746,6.103515625e-05,ok,
4,128,8192,8320,4227328,32,32,4,2,2.366863965988159,0.555903971195221,4.257684939539621,0.9143161742733438,6.103515625e-05,ok,
4,128,8192,8320,4227328,64,32,4,2,2.366863965988159,0.5082719922065735,4.656687762221238,1.0,6.103515625e-05,ok,
4,128,8192,8320,4227328,64,64,4,2,2.366863965988159,0.4037120044231415,5.8627534976824345,1.2589964792670367,6.103515625e-05,ok,
4,128,8192,8320,4227328,128,64,8,2,2.366863965988159,0.45343999564647675,5.2197953173797185,1.1209244819304522,6.103515625e-05,ok,
4,128,16384,16512,8421632,32,16,4,2,4.541440010070801,1.789184033870697,2.5382743888262347,0.5350550863167376,3.0517578125e-05,ok,
4,128,16384,16512,8421632,32,32,2,2,4.541440010070801,1.3191360235214233,3.442738223422526,0.7257113751800042,3.0517578125e-05,ok,
4,128,16384,16512,8421632,32,32,4,2,4.541440010070801,1.0819680094718933,4.1973884350679365,0.8847877287485393,3.0517578125e-05,ok,
4,128,16384,16512,8421632,64,32,4,2,4.541440010070801,0.9573120176792145,4.7439496488098944,1.0,3.0517578125e-05,ok,
4,128,16384,16512,8421632,64,64,4,2,4.541440010070801,0.7442879974842072,6.101724097958686,1.2862118170856671,3.0517578125e-05,ok,
4,128,16384,16512,8421632,128,64,8,2,4.541440010070801,0.8381119966506958,5.418655296928723,1.1422244538974167,3.0517578125e-05,ok,
4,256,0,256,131584,32,16,4,2,0.45956800878047943,0.07254400104284286,6.335024291106701,0.8288486817544071,0.0009765625,ok,
4,256,0,256,131584,32,32,2,2,0.45956800878047943,0.06576000154018402,6.9885644467275565,0.9143552041556473,0.0009765625,ok,
4,256,0,256,131584,32,32,4,2,0.45956800878047943,0.06388800218701363,7.193338233291866,0.9411469693095635,0.0009765625,ok,
4,256,0,256,131584,64,32,4,2,0.45956800878047943,0.060127999633550644,7.643161448598175,1.0,0.0009765625,ok,
4,256,0,256,131584,64,64,4,2,0.45956800878047943,0.059616001322865486,7.708802982131811,1.0085882699161974,0.0009765625,ok,
4,256,0,256,131584,128,64,8,2,0.45956800878047943,0.0602400004863739,7.628950947376441,0.9981407561102429,0.0009765625,ok,
4,256,2048,2304,2228736,32,16,4,2,0.7732000052928925,0.3102400004863739,2.492264066789325,0.5443011992303116,0.0001220703125,ok,
4,256,2048,2304,2228736,32,32,2,2,0.7732000052928925,0.2287359982728958,3.3803162210192133,0.7382484855421876,0.0001220703125,ok,
4,256,2048,2304,2228736,32,32,4,2,0.7732000052928925,0.21224000304937363,3.6430455813413367,0.7956276003005086,0.0001220703125,ok,
4,256,2048,2304,2228736,64,32,4,2,0.7732000052928925,0.16886400431394577,4.578832584446993,1.0,0.0001220703125,ok,
4,256,2048,2304,2228736,64,64,4,2,0.7732000052928925,0.15697599947452545,4.925593771539385,1.0757313530680819,0.0001220703125,ok,
4,256,2048,2304,2228736,128,64,8,2,0.7732000052928925,0.15619199723005295,4.950317679554717,1.081130962588489,0.0001220703125,ok,
4,256,8192,8448,8520192,32,16,4,2,2.4498080015182495,1.0816320180892944,2.264918161211464,0.4877074569838143,6.103515625e-05,ok,
4,256,8192,8448,8520192,32,32,2,2,2.4498080015182495,0.7224000096321106,3.3912070443712183,0.7302325496967333,6.103515625e-05,ok,
4,256,8192,8448,8520192,32,32,4,2,2.4498080015182495,0.6771200001239777,3.6179820431676815,0.7790642734493358,6.103515625e-05,ok,
4,256,8192,8448,8520192,64,32,4,2,2.4498080015182495,0.5275200009346008,4.644009700443498,1.0,6.103515625e-05,ok,
4,256,8192,8448,8520192,64,64,4,2,2.4498080015182495,0.4551199972629547,5.382773809657113,1.1590789332638696,6.103515625e-05,ok,
4,256,8192,8448,8520192,128,64,8,2,2.4498080015182495,0.45929600298404694,5.333832616878533,1.1485403694073157,6.103515625e-05,ok,
4,256,16384,16640,16908800,32,16,4,2,4.631183862686157,2.101631999015808,2.203613127728801,0.4670427436732431,6.103515625e-05,ok,
4,256,16384,16640,16908800,32,32,2,2,4.631183862686157,1.3756479620933533,3.366547249224129,0.7135197391040196,6.103515625e-05,ok,
4,256,16384,16640,16908800,32,32,4,2,4.631183862686157,1.2902400493621826,3.589397077679876,0.7607514396232283,6.103515625e-05,ok,
4,256,16384,16640,16908800,64,32,4,2,4.631183862686157,0.9815519750118256,4.718225810335068,1.0,6.103515625e-05,ok,
4,256,16384,16640,16908800,64,64,4,2,4.631183862686157,0.8415680229663849,5.503041627415949,1.1663370615627966,6.103515625e-05,ok,
4,256,16384,16640,16908800,128,64,8,2,4.631183862686157,0.8462399840354919,5.472660179209781,1.159897893657857,6.103515625e-05,ok,
4,384,0,384,295680,32,16,4,2,0.4676159918308258,0.10212799906730652,4.578724699410274,0.7043709932191312,0.0009765625,ok,
4,384,0,384,295680,32,32,2,2,0.4676159918308258,0.08105599880218506,5.769048543489419,0.8874852102443279,0.0009765625,ok,
4,384,0,384,295680,32,32,4,2,0.4676159918308258,0.08270399644970894,5.654091844463358,0.8698007741653017,0.0009765625,ok,
4,384,0,384,295680,64,32,4,2,0.4676159918308258,0.0719360001385212,6.500444713778587,1.0,0.0009765625,ok,
4,384,0,384,295680,64,64,4,2,0.4676159918308258,0.07049600034952164,6.633227268389261,1.0204266877817179,0.00048828125,ok,
4,384,0,384,295680,128,64,8,2,0.4676159918308258,0.07476800307631493,6.254226040429821,0.9621227955639909,0.00048828125,ok,
4,384,2048,2432,3441408,32,16,4,2,0.8128000199794769,0.5729759931564331,1.4185585952770754,0.3628494143624293,0.0001220703125,ok,
4,384,2048,2432,3441408,32,32,2,2,0.8128000199794769,0.39472000300884247,2.059181226651107,0.5267126114099813,0.0001220703125,ok,
4,384,2048,2432,3441408,32,32,4,2,0.8128000199794769,0.3633440136909485,2.2369985175284177,0.5721960338594738,0.0001220703125,ok,
4,384,2048,2432,3441408,64,32,4,2,0.8128000199794769,0.20790400356054306,3.9094967199262425,1.0,0.0001220703125,ok,
4,384,2048,2432,3441408,64,64,4,2,0.8128000199794769,0.24508800357580185,3.316359871233317,0.8482830678256418,0.0001220703125,ok,
4,384,2048,2432,3441408,128,64,8,2,0.8128000199794769,0.2656800001859665,3.0593195551435786,0.7825353937632403,0.0001220703125,ok,
4,384,8192,8576,12878592,32,16,4,2,2.5075680017471313,2.1506400108337402,1.1659636150705763,0.29164156164035493,6.103515625e-05,ok,
4,384,8192,8576,12878592,32,32,2,2,2.5075680017471313,1.4516159892082214,1.7274320621908243,0.4320812225469454,6.103515625e-05,ok,
4,384,8192,8576,12878592,32,32,4,2,2.5075680017471313,1.3303200006484985,1.8849359556533414,0.47147754749235476,6.103515625e-05,ok,
4,384,8192,8576,12878592,64,32,4,2,2.5075680017471313,0.6272160112857819,3.9979336570293555,1.0,6.103515625e-05,ok,
4,384,8192,8576,12878592,64,64,4,2,2.5075680017471313,0.800815999507904,3.13126611267509,0.7832211290373842,6.103515625e-05,ok,
4,384,8192,8576,12878592,128,64,8,2,2.5075680017471313,0.8605760037899017,2.9138251481612554,0.7288327916692741,6.103515625e-05,ok,
4,384,16384,16768,25461504,32,16,4,2,4.686367988586426,4.153119802474976,1.1283970151291256,0.28134993320970525,3.0517578125e-05,ok,
4,384,16384,16768,25461504,32,32,2,2,4.686367988586426,2.7888160943984985,1.680414853456731,0.4189878211708543,3.0517578125e-05,ok,
4,384,16384,16768,25461504,32,32,4,2,4.686367988586426,2.587664008140564,1.8110419180556374,0.4515578434303306,3.0517578125e-05,ok,
4,384,16384,16768,25461504,64,32,4,2,4.686367988586426,1.1684799790382385,4.010653218417758,1.0,3.0517578125e-05,ok,
4,384,16384,16768,25461504,64,64,4,2,4.686367988586426,1.5473120212554932,3.028715555886326,0.755167647498874,3.0517578125e-05,ok,
4,384,16384,16768,25461504,128,64,8,2,4.686367988586426,1.6618880033493042,2.81990602203139,0.7031039255854363,3.0517578125e-05,ok,
4,512,0,512,525312,32,16,4,2,0.4734080135822296,0.13080000132322311,3.6193272843505513,0.5973088537333133,0.0009765625,ok,
4,512,0,512,525312,32,32,2,2,0.4734080135822296,0.10065599903464317,4.703227012026327,0.7761882014781915,0.0009765625,ok,
4,512,0,512,525312,32,32,4,2,0.4734080135822296,0.09955199807882309,4.755384349065456,0.7847958892480513,0.0009765625,ok,
4,512,0,512,525312,64,32,4,2,0.4734080135822296,0.07812799885869026,6.05938998179744,1.0,0.0009765625,ok,
4,512,0,512,525312,64,64,4,2,0.4734080135822296,0.0814720019698143,5.810683451201177,0.9589551866865502,0.00048828125,ok,
4,512,0,512,525312,128,64,8,2,0.4734080135822296,0.0872960016131401,5.423020583235631,0.8949779762528111,0.00048828125,ok,
4,512,2048,2560,4719616,32,16,4,2,0.8550240099430084,0.6067840158939362,1.4091076685389547,0.3548148840490655,0.0001220703125,ok,
4,512,2048,2560,4719616,32,32,2,2,0.8550240099430084,0.42897599935531616,1.9931744694994027,0.501883556576101,0.0001220703125,ok,
4,512,2048,2560,4719616,32,32,4,2,0.8550240099430084,0.39846399426460266,2.1457999273460677,0.540314817251128,0.0001220703125,ok,
4,512,2048,2560,4719616,64,32,4,2,0.8550240099430084,0.21529600024223328,3.9713882700143337,1.0,0.0001220703125,ok,
4,512,2048,2560,4719616,64,64,4,2,0.8550240099430084,0.2513600140810013,3.401591192095793,0.8565244596654649,0.0001220703125,ok,
4,512,2048,2560,4719616,128,64,8,2,0.8550240099430084,0.27984000742435455,3.0554030419475877,0.7693538969778344,0.0001220703125,ok,
4,512,8192,8704,17302528,32,16,4,2,2.5512479543685913,2.176624059677124,1.1721123558411084,0.2992303566172802,6.103515625e-05,ok,
4,512,8192,8704,17302528,32,32,2,2,2.5512479543685913,1.4888960123062134,1.7135165473489693,0.4374462609985056,6.103515625e-05,ok,
4,512,8192,8704,17302528,32,32,4,2,2.5512479543685913,1.343392014503479,1.8991090663223413,0.48482645911786554,6.103515625e-05,ok,
4,512,8192,8704,17302528,64,32,4,2,2.5512479543685913,0.651311993598938,3.917090395144155,1.0,6.103515625e-05,ok,
4,512,8192,8704,17302528,64,64,4,2,2.5512479543685913,0.8255200088024139,3.0904737948989265,0.7889717834263031,6.103515625e-05,ok,
4,512,8192,8704,17302528,128,64,8,2,2.5512479543685913,0.8757759928703308,2.9131284428189783,0.7436970171610683,6.103515625e-05,ok,
4,512,16384,16896,34079744,32,16,4,2,4.777295827865601,4.167743921279907,1.1462546447427848,0.27987516006861246,6.103515625e-05,ok,
4,512,16384,16896,34079744,32,32,2,2,4.777295827865601,2.86081600189209,1.6699067065851096,0.40773261765934404,6.103515625e-05,ok,
4,512,16384,16896,34079744,32,32,4,2,4.777295827865601,2.5531359910964966,1.8711482053934358,0.4568687297350917,6.103515625e-05,ok,
4,512,16384,16896,34079744,64,32,4,2,4.777295827865601,1.1664479970932007,4.095592636594745,1.0,6.103515625e-05,ok,
4,512,16384,16896,34079744,64,64,4,2,4.777295827865601,1.5328799486160278,3.1165492328207556,0.7609519572268768,6.103515625e-05,ok,
4,512,16384,16896,34079744,128,64,8,2,4.777295827865601,1.6497119665145874,2.895836318602201,0.7070616087956264,6.103515625e-05,ok,
4,768,0,768,1181184,32,16,4,2,0.5194559991359711,0.2168480008840561,2.3954843808484676,0.5019552929433126,0.0009765625,ok,
4,768,0,768,1181184,32,32,2,2,0.5194559991359711,0.14788799732923508,3.512496000466719,0.7360164703941838,0.0009765625,ok,
4,768,0,768,1181184,32,32,4,2,0.5194559991359711,0.15276799350976944,3.400293393934981,0.7125052788034903,0.0009765625,ok,
4,768,0,768,1181184,64,32,4,2,0.5194559991359711,0.10884800180792809,4.772306248235931,1.0,0.0009765625,ok,
4,768,0,768,1181184,64,64,4,2,0.5194559991359711,0.11044799908995628,4.703172564610167,0.9855135693248273,0.0009765625,ok,
4,768,0,768,1181184,128,64,8,2,0.5194559991359711,0.11982399970293045,4.335158235610684,0.9083990025185753,0.0009765625,ok,
4,768,2048,2816,7472640,32,16,4,2,1.254207968711853,0.924127995967865,1.357179929819447,0.3754804555769869,0.0001220703125,ok,
4,768,2048,2816,7472640,32,32,2,2,1.254207968711853,0.6102400124073029,2.055269964622929,0.5686156166139154,0.0001220703125,ok,
4,768,2048,2816,7472640,32,32,4,2,1.254207968711853,0.5994080007076263,2.0924111243613828,0.5788911735042295,0.0001220703125,ok,
4,768,2048,2816,7472640,64,32,4,2,1.254207968711853,0.34699200093746185,3.614515508494094,1.0,0.0001220703125,ok,
4,768,2048,2816,7472640,64,64,4,2,1.254207968711853,0.37409600615501404,3.3526366175428968,0.9275479963121522,0.0001220703125,ok,
4,768,2048,2816,7472640,128,64,8,2,1.254207968711853,0.39532800018787384,3.172575603336493,0.8777319106477633,0.0001220703125,ok,
4,768,8192,8960,26347008,32,16,4,2,3.558240056037903,3.21452796459198,1.1069245921117847,0.34114618669877694,6.103515625e-05,ok,
4,768,8192,8960,26347008,32,32,2,2,3.558240056037903,2.1868159770965576,1.6271328238429048,0.5014706169346385,6.103515625e-05,ok,
4,768,8192,8960,26347008,32,32,4,2,3.558240056037903,1.9953920245170593,1.7832285647724269,0.54957820001438,6.103515625e-05,ok,
4,768,8192,8960,26347008,64,32,4,2,3.558240056037903,1.096623957157135,3.2447221609695722,1.0,6.103515625e-05,ok,
4,768,8192,8960,26347008,64,64,4,2,3.558240056037903,1.2244160175323486,2.9060711433758217,0.8956301955010668,6.103515625e-05,ok,
4,768,8192,8960,26347008,128,64,8,2,3.558240056037903,1.283951997756958,2.771318602450938,0.854100432939018,6.103515625e-05,ok,
4,768,16384,17152,51512832,32,16,4,2,6.5835840702056885,6.156575918197632,1.0693580583885767,0.33499660819723037,3.0517578125e-05,ok,
4,768,16384,17152,51512832,32,32,2,2,6.5835840702056885,4.196127891540527,1.5689664949150663,0.49150838678269504,3.0517578125e-05,ok,
4,768,16384,17152,51512832,32,32,4,2,6.5835840702056885,3.8000160455703735,1.7325148081624766,0.5427429847589998,3.0517578125e-05,ok,
4,768,16384,17152,51512832,64,32,4,2,6.5835840702056885,2.062432050704956,3.1921459269193213,1.0,3.0517578125e-05,ok,
4,768,16384,17152,51512832,64,64,4,2,6.5835840702056885,2.318303942680359,2.839827836635575,0.8896297041708988,3.0517578125e-05,ok,
4,768,16384,17152,51512832,128,64,8,2,6.5835840702056885,2.4451839923858643,2.6924698062421966,0.8434670180760337,3.0517578125e-05,ok,
4,1024,0,1024,2099200,32,16,4,2,0.6123679876327515,0.3296160101890564,1.8578223408551007,0.430027663457708,0.0009765625,ok,
4,1024,0,1024,2099200,32,32,2,2,0.6123679876327515,0.2061759978532791,2.970122584630489,0.6874903198029927,0.00048828125,ok,
4,1024,0,1024,2099200,32,32,4,2,0.6123679876327515,0.22331199795007706,2.742208180725026,0.6347352762100129,0.00048828125,ok,
4,1024,0,1024,2099200,64,32,4,2,0.6123679876327515,0.141744002699852,4.320239135122088,1.0,0.00048828125,ok,
4,1024,0,1024,2099200,64,64,4,2,0.6123679876327515,0.14556800574064255,4.20674848512937,0.973730470364458,0.00048828125,ok,
4,1024,0,1024,2099200,128,64,8,2,0.6123679876327515,0.1562879979610443,3.9182022651885764,0.9069410610479668,0.00048828125,ok,
4,1024,2048,3072,10487808,32,16,4,2,1.3459200263023376,1.271776020526886,1.0582995783681584,0.3257303171258415,0.0001220703125,ok,
4,1024,2048,3072,10487808,32,32,2,2,1.3459200263023376,0.7003680169582367,1.9217325658984161,0.5914833294050399,0.0001220703125,ok,
4,1024,2048,3072,10487808,32,32,4,2,1.3459200263023376,0.8156479895114899,1.650123636188253,0.5078857691139173,0.0001220703125,ok,
4,1024,2048,3072,10487808,64,32,4,2,1.3459200263023376,0.4142560064792633,3.2490054585840054,1.0,0.0001220703125,ok,
4,1024,2048,3072,10487808,64,64,4,2,1.3459200263023376,0.43783999979496,3.0739996960822,0.9461355898804562,0.0001220703125,ok,
4,1024,2048,3072,10487808,128,64,8,2,1.3459200263023376,0.4453120082616806,3.0224202386912253,0.9302601295131306,0.0001220703125,ok,
4,1024,8192,9216,35653632,32,16,4,2,3.5948480367660522,4.329775810241699,0.8302619337155424,0.2838613486181689,6.103515625e-05,ok,
4,1024,8192,9216,35653632,32,32,2,2,3.5948480367660522,2.2895519733428955,1.5701098200087327,0.5368107014033107,6.103515625e-05,ok,
4,1024,8192,9216,35653632,32,32,4,2,3.5948480367660522,2.628592014312744,1.3675945210181046,0.46757199063882693,6.103515625e-05,ok,
4,1024,8192,9216,35653632,64,32,4,2,3.5948480367660522,1.2290560007095337,2.9248854687587444,1.0,6.103515625e-05,ok,
4,1024,8192,9216,35653632,64,64,4,2,3.5948480367660522,1.3079040050506592,2.7485564864730363,0.939714226704221,6.103515625e-05,ok,
4,1024,8192,9216,35653632,128,64,8,2,3.5948480367660522,1.3053279519081116,2.753980738335642,0.9415687444009112,6.103515625e-05,ok,
4,1024,16384,17408,69208064,32,16,4,2,6.598016023635864,8.2434401512146,0.8003959393899043,0.28031596598446284,3.0517578125e-05,ok,
4,1024,16384,17408,69208064,32,32,2,2,6.598016023635864,4.3381757736206055,1.5209194758213347,0.5326588892672459,3.0517578125e-05,ok,
4,1024,16384,17408,69208064,32,32,4,2,6.598016023635864,5.090975999832153,1.2960218283986011,0.45389486988330174,3.0517578125e-05,ok,
4,1024,16384,17408,69208064,64,32,4,2,6.598016023635864,2.310767889022827,2.8553348239688496,1.0,3.0517578125e-05,ok,
4,1024,16384,17408,69208064,64,64,4,2,6.598016023635864,2.469744086265564,2.671538342910886,0.9356304978613713,3.0517578125e-05,ok,
4,1024,16384,17408,69208064,128,64,8,2,6.598016023635864,2.46943998336792,2.6718673335147143,0.9357457174850269,3.0517578125e-05,ok,
4,1536,0,1536,4721664,32,16,4,2,1.1363999843597412,0.6455999910831451,1.7602230484129409,0.3747707526946844,0.0009765625,ok,
4,1536,0,1536,4721664,32,32,2,2,1.1363999843597412,0.38388799130916595,2.960238429142568,0.6302671614519316,0.00048828125,ok,
4,1536,0,1536,4721664,32,32,4,2,1.1363999843597412,0.4207039922475815,2.7011865950893506,0.5751121906528633,0.00048828125,ok,
4,1536,0,1536,4721664,64,32,4,2,1.1363999843597412,0.24195199459791183,4.69679940538729,1.0,0.00048828125,ok,
4,1536,0,1536,4721664,64,64,4,2,1.1363999843597412,0.25577598810195923,4.4429502268474925,0.9459527315029401,0.00048828125,ok,
4,1536,0,1536,4721664,128,64,8,2,1.1363999843597412,0.26606398820877075,4.27115293584207,0.9093752079220164,0.00048828125,ok,
4,1536,2048,3584,17304576,32,16,4,2,2.2951040267944336,2.065168023109436,1.1113400949036547,0.31501552625176166,0.0001220703125,ok,
4,1536,2048,3584,17304576,32,32,2,2,2.2951040267944336,1.1728959679603577,1.9567839684755444,0.5546612908299445,0.0001220703125,ok,
4,1536,2048,3584,17304576,32,32,4,2,2.2951040267944336,1.3168160319328308,1.7429192621733696,0.49404015126033457,0.0001220703125,ok,
4,1536,2048,3584,17304576,64,32,4,2,2.2951040267944336,0.6505599915981293,3.5278899047517656,1.0,0.0001220703125,ok,
4,1536,2048,3584,17304576,64,64,4,2,2.2951040267944336,0.7079840004444122,3.2417456119824206,0.9188908099473476,0.0001220703125,ok,
4,1536,2048,3584,17304576,128,64,8,2,2.2951040267944336,0.7413440048694611,3.0958691399933356,0.8775413132432124,0.0001220703125,ok,
4,1536,8192,9728,55053312,32,16,4,2,6.016687870025635,6.552880048751831,0.918174577477833,0.28432323485613176,6.103515625e-05,ok,
4,1536,8192,9728,55053312,32,32,2,2,6.016687870025635,3.8059200048446655,1.5808760726360036,0.489536314666017,6.103515625e-05,ok,
4,1536,8192,9728,55053312,32,32,4,2,6.016687870025635,4.039184093475342,1.4895800069485903,0.46126544618130344,6.103515625e-05,ok,
4,1536,8192,9728,55053312,64,32,4,2,6.016687870025635,1.8631360530853271,3.2293336066692953,1.0,6.103515625e-05,ok,
4,1536,8192,9728,55053312,64,64,4,2,6.016687870025635,2.1225119829177856,2.834701485055733,0.8777976605456436,6.103515625e-05,ok,
4,1536,8192,9728,55053312,128,64,8,2,6.016687870025635,2.206719994544983,2.726529820230433,0.8443010702268543,6.103515625e-05,ok,
4,1536,16384,17920,105384960,32,16,4,2,11.510575771331787,12.43336009979248,0.9257815810807173,0.2806192268151982,3.0517578125e-05,ok,
4,1536,16384,17920,105384960,32,32,2,2,11.510575771331787,7.231567859649658,1.5917123360700138,0.4824735058335927,3.0517578125e-05,ok,
4,1536,16384,17920,105384960,32,32,4,2,11.510575771331787,7.6297760009765625,1.5086387555622218,0.45729257287135644,3.0517578125e-05,ok,
4,1536,16384,17920,105384960,64,32,4,2,11.510575771331787,3.489039897918701,3.29906682299567,1.0,3.0517578125e-05,ok,
4,1536,16384,17920,105384960,64,64,4,2,11.510575771331787,3.995456099510193,2.880916592411785,0.8732519669898078,3.0517578125e-05,ok,
4,1536,16384,17920,105384960,128,64,8,2,11.510575771331787,4.150863885879517,2.773055462138537,0.840557530635437,3.0517578125e-05,ok,
4,2048,0,2048,8392704,32,16,4,2,1.531167984008789,1.0644639730453491,1.438440400785229,0.3438199902322347,0.0009765625,ok,
4,2048,0,2048,8392704,32,32,2,2,1.531167984008789,0.600240021944046,2.55092617624808,0.609729407295561,0.0009765625,ok,
4,2048,0,2048,8392704,32,32,4,2,1.531167984008789,0.6827200055122375,2.242746618886567,0.5360674798747458,0.0009765625,ok,
4,2048,0,2048,8392704,64,32,4,2,1.531167984008789,0.3659839928150177,4.183702058200944,1.0,0.0009765625,ok,
4,2048,0,2048,8392704,64,64,4,2,1.531167984008789,0.38728000223636627,3.9536458767997025,0.9450113372795554,0.0009765625,ok,
4,2048,0,2048,8392704,128,64,8,2,1.531167984008789,0.39720000326633453,3.854904258351919,0.921409843417384,0.0009765625,ok,
4,2048,2048,4096,25169920,32,16,4,2,2.997119903564453,2.974496006965637,1.00760595964689,0.30692392489367837,0.0001220703125,ok,
4,2048,2048,4096,25169920,32,32,2,2,2.997119903564453,1.596992015838623,1.8767281701095955,0.571664717158311,0.0001220703125,ok,
4,2048,2048,4096,25169920,32,32,4,2,2.997119903564453,1.8832799792289734,1.5914361840088656,0.48476275386957196,0.0001220703125,ok,
4,2048,2048,4096,25169920,64,32,4,2,2.997119903564453,0.9129439890384674,3.282917615483821,1.0,0.0001220703125,ok,
4,2048,2048,4096,25169920,64,64,4,2,2.997119903564453,0.9748640060424805,3.0743979519065876,0.9364834308988582,0.0001220703125,ok,
4,2048,2048,4096,25169920,128,64,8,2,2.997119903564453,0.9625119864940643,3.113852030540854,0.9485014232018578,0.0001220703125,ok,
4,2048,8192,10240,75501568,32,16,4,2,7.206640005111694,8.942320346832275,0.8059026880718462,0.28259689373743063,6.103515625e-05,ok,
4,2048,8192,10240,75501568,32,32,2,2,7.206640005111694,4.695232152938843,1.5348847022614014,0.5382208739642571,6.103515625e-05,ok,
4,2048,8192,10240,75501568,32,32,4,2,7.206640005111694,5.490015983581543,1.3126810607954316,0.4603032050138456,6.103515625e-05,ok,
4,2048,8192,10240,75501568,64,32,4,2,7.206640005111694,2.527071952819824,2.851774757370953,1.0,6.103515625e-05,ok,
4,2048,8192,10240,75501568,64,64,4,2,7.206640005111694,2.708608031272888,2.6606433717635376,0.932978091936118,6.103515625e-05,ok,
4,2048,8192,10240,75501568,128,64,8,2,7.206640005111694,2.6911840438842773,2.677869624520405,0.9390186295740723,6.103515625e-05,ok,
4,2048,16384,18432,142610432,32,16,4,2,12.672991752624512,16.727567672729492,0.7576111482893566,0.28119712480970777,3.0517578125e-05,ok,
4,2048,16384,18432,142610432,32,32,2,2,12.672991752624512,8.812368392944336,1.4380914627639945,0.5337661483146146,3.0517578125e-05,ok,
4,2048,16384,18432,142610432,32,32,4,2,12.672991752624512,10.260623931884766,1.235109271790319,0.4584266966470255,3.0517578125e-05,ok,
4,2048,16384,18432,142610432,64,32,4,2,12.672991752624512,4.703743934631348,2.6942350452624604,1.0,3.0517578125e-05,ok,
4,2048,16384,18432,142610432,64,64,4,2,12.672991752624512,5.027584075927734,2.520692157750933,0.9355873245666948,3.0517578125e-05,ok,
4,2048,16384,18432,142610432,128,64,8,2,12.672991752624512,4.992480039596558,2.5384161082492014,0.9421657968233874,3.0517578125e-05,ok,
8,128,0,128,66048,32,16,4,2,0.8845919966697693,0.06096000038087368,14.511023476753648,0.8858267890964738,0.0009765625,ok,
8,128,0,128,66048,32,32,2,2,0.8845919966697693,0.05633600056171417,15.702073058962162,0.9585345225484011,0.0009765625,ok,
8,128,0,128,66048,32,32,4,2,0.8845919966697693,0.05563199892640114,15.900776778487653,0.9706644097428343,0.0009765625,ok,
8,128,0,128,66048,64,32,4,2,0.8845919966697693,0.05400000140070915,16.381332846746044,1.0,0.0009765625,ok,
8,128,0,128,66048,64,64,4,2,0.8845919966697693,0.05417599901556969,16.328116006048095,0.9967513729684994,0.0009765625,ok,
8,128,0,128,66048,128,64,8,2,0.8845919966697693,0.05459200032055378,16.203692692621892,0.9891559401309986,0.0009765625,ok,
8,128,2048,2176,2163200,32,16,4,2,1.4178560376167297,0.29686400294303894,4.776113046918599,0.5488843203408297,0.0001220703125,ok,
8,128,2048,2176,2163200,32,32,2,2,1.4178560376167297,0.21777600049972534,6.5106165709867465,0.7482183349641115,0.0001220703125,ok,
8,128,2048,2176,2163200,32,32,4,2,1.4178560376167297,0.2041120007634163,6.94646092495144,0.7983067917594634,0.0001220703125,ok,
8,128,2048,2176,2163200,64,32,4,2,1.4178560376167297,0.162943996489048,8.701492955661172,1.0,0.0001220703125,ok,
8,128,2048,2176,2163200,64,64,4,2,1.4178560376167297,0.15111999958753586,9.382318961663577,1.0782424360361589,0.0001220703125,ok,
8,128,2048,2176,2163200,128,64,8,2,1.4178560376167297,0.1499359980225563,9.456408443044,1.0867570072434158,0.0001220703125,ok,
8,128,8192,8320,8454656,32,16,4,2,4.798415899276733,1.0715839862823486,4.47787197336151,0.5128706740097838,6.103515625e-05,ok,
8,128,8192,8320,8454656,32,32,2,2,4.798415899276733,0.7203679978847504,6.661062003540611,0.7629211776709791,6.103515625e-05,ok,
8,128,8192,8320,8454656,32,32,4,2,4.798415899276733,0.6696960031986237,7.165065755743479,0.8206469781479631,6.103515625e-05,ok,
8,128,8192,8320,8454656,64,32,4,2,4.798415899276733,0.5495840013027191,8.730996331593891,1.0,6.103515625e-05,ok,
8,128,8192,8320,8454656,64,64,4,2,4.798415899276733,0.45267200469970703,10.60020467238724,1.2140887786230594,6.103515625e-05,ok,
8,128,8192,8320,8454656,128,64,8,2,4.798415899276733,0.44841599464416504,10.70081343348258,1.2256119493213766,6.103515625e-05,ok,
8,128,16384,16512,16843264,32,16,4,2,9.0032639503479,2.0487359762191772,4.394545736909887,0.49996878280823576,3.0517578125e-05,ok,
8,128,16384,16512,16843264,32,32,2,2,9.0032639503479,1.3577760457992554,6.6308902548417885,0.7543983674588896,3.0517578125e-05,ok,
8,128,16384,16512,16843264,32,32,4,2,9.0032639503479,1.2639679908752441,7.123015784690499,0.8103876361745977,3.0517578125e-05,ok,
8,128,16384,16512,16843264,64,32,4,2,9.0032639503479,1.0243040323257446,8.789640249590194,1.0,3.0517578125e-05,ok,
8,128,16384,16512,16843264,64,64,4,2,9.0032639503479,0.8446719944477081,10.658887721540617,1.2126648439380183,3.0517578125e-05,ok,
8,128,16384,16512,16843264,128,64,8,2,9.0032639503479,0.8390879929065704,10.729820979991526,1.2207349419666853,3.0517578125e-05,ok,
8,256,0,256,263168,32,16,4,2,0.8901920020580292,0.09107200056314468,9.774595886260514,0.7002811065951202,0.0009765625,ok,
8,256,0,256,263168,32,32,2,2,0.8901920020580292,0.0764480009675026,11.644411767371684,0.8342402747888857,0.0009765625,ok,
8,256,0,256,263168,32,32,4,2,0.8901920020580292,0.07412799820303917,12.008849876395722,0.8603497042980397,0.0009765625,ok,
8,256,0,256,263168,64,32,4,2,0.8901920020580292,0.06377600133419037,13.95810310203309,1.0,0.0009765625,ok,
8,256,0,256,263168,64,64,4,2,0.8901920020580292,0.06756800040602684,13.174757232842827,0.943878773249915,0.0009765625,ok,
8,256,0,256,263168,128,64,8,2,0.8901920020580292,0.06913599744439125,12.875955145856468,0.9224717034781753,0.0009765625,ok,
8,256,2048,2304,4457472,32,16,4,2,1.4963359832763672,0.5697920024394989,2.6261091360882163,0.35417836202819103,0.0001220703125,ok,
8,256,2048,2304,4457472,32,32,2,2,1.4963359832763672,0.40483200550079346,3.6961899329706887,0.4984981310238556,0.0001220703125,ok,
8,256,2048,2304,4457472,32,32,4,2,1.4963359832763672,0.37588800489902496,3.9808026959475042,0.5368833149517409,0.0001220703125,ok,
8,256,2048,2304,4457472,64,32,4,2,1.4963359832763672,0.20180799812078476,7.414651536163548,1.0,0.0001220703125,ok,
8,256,2048,2304,4457472,64,64,4,2,1.4963359832763672,0.23867199569940567,6.269424189844713,0.8455453583040002,0.0001220703125,ok,
8,256,2048,2304,4457472,128,64,8,2,1.4963359832763672,0.2632160037755966,5.684821446313197,0.7667010942573046,0.0001220703125,ok,
8,256,8192,8448,17040384,32,16,4,2,4.9063520431518555,2.0991519689559937,2.3373019751361848,0.2929030375042528,6.103515625e-05,ok,
8,256,8192,8448,17040384,32,32,2,2,4.9063520431518555,1.456816017627716,3.367859759766628,0.42204916780875595,6.103515625e-05,ok,
8,256,8192,8448,17040384,32,32,4,2,4.9063520431518555,1.2875040173530579,3.810746977891908,0.47755034516652745,6.103515625e-05,ok,
8,256,8192,8448,17040384,64,32,4,2,4.9063520431518555,0.6148479878902435,7.979780595830278,1.0,6.103515625e-05,ok,
8,256,8192,8448,17040384,64,64,4,2,4.9063520431518555,0.8524160087108612,5.7558187469659385,0.7213003763503923,6.103515625e-05,ok,
8,256,8192,8448,17040384,128,64,8,2,4.9063520431518555,0.8638559877872467,5.679594877520497,0.7117482503827598,6.103515625e-05,ok,
8,256,16384,16640,33817600,32,16,4,2,9.222831726074219,4.039120197296143,2.28337639772348,0.2849690000140485,3.0517578125e-05,ok,
8,256,16384,16640,33817600,32,32,2,2,9.222831726074219,2.8103679418563843,3.281716813202079,0.4095634690451674,3.0517578125e-05,ok,
8,256,16384,16640,33817600,32,32,4,2,9.222831726074219,2.48088002204895,3.7175645916391855,0.46395796383954163,3.0517578125e-05,ok,
8,256,16384,16640,33817600,64,32,4,2,9.222831726074219,1.151024043560028,8.012718568022885,1.0,3.0517578125e-05,ok,
8,256,16384,16640,33817600,64,64,4,2,9.222831726074219,1.6226400136947632,5.6838433960923735,0.7093526807213005,3.0517578125e-05,ok,
8,256,16384,16640,33817600,128,64,8,2,9.222831726074219,1.6388319730758667,5.627685984649303,0.702344146605653,3.0517578125e-05,ok,
8,384,0,384,591360,32,16,4,2,0.9002079963684082,0.13740800321102142,6.551350542412969,0.5962971307175402,0.0009765625,ok,
8,384,0,384,591360,32,32,2,2,0.9002079963684082,0.10148799791932106,8.870093161991804,0.8073466787421947,0.0009765625,ok,
8,384,0,384,591360,32,32,4,2,0.9002079963684082,0.10262399911880493,8.771905247292718,0.7984097165956631,0.0009765625,ok,
8,384,0,384,591360,64,32,4,2,0.9002079963684082,0.08193599805235863,10.986721560322712,1.0,0.0009765625,ok,
8,384,0,384,591360,64,64,4,2,0.9002079963684082,0.08489599823951721,10.603656415331262,0.9651338078526678,0.0009765625,ok,
8,384,0,384,591360,128,64,8,2,0.9002079963684082,0.0902240015566349,9.977478063897827,0.9081397038339762,0.0009765625,ok,
8,384,2048,2432,6882816,32,16,4,2,1.5921120047569275,0.8692960143089294,1.8314958064343827,0.3806298380999326,0.0001220703125,ok,
8,384,2048,2432,6882816,32,32,2,2,1.5921120047569275,0.5842080116271973,2.725248495518592,0.566373611114512,0.0001220703125,ok,
8,384,2048,2432,6882816,32,32,4,2,1.5921120047569275,0.5616639852523804,2.834634312615792,0.5891066720944295,0.0001220703125,ok,
8,384,2048,2432,6882816,64,32,4,2,1.5921120047569275,0.3308800011873245,4.81175048066918,1.0,0.0001220703125,ok,
8,384,2048,2432,6882816,64,64,4,2,1.5921120047569275,0.36110401153564453,4.4090122344148215,0.9163010950230427,0.0001220703125,ok,
8,384,2048,2432,6882816,128,64,8,2,1.5921120047569275,0.37888000905513763,4.202153628341026,0.873310793072675,0.0001220703125,ok,
8,384,8192,8576,25757184,32,16,4,2,5.0203680992126465,3.110095977783203,1.6142164534713288,0.3438453453237057,6.103515625e-05,ok,
8,384,8192,8576,25757184,32,32,2,2,5.0203680992126465,2.172416090965271,2.310960648879167,0.49225930056316697,6.103515625e-05,ok,
8,384,8192,8576,25757184,32,32,4,2,5.0203680992126465,1.9020000100135803,2.6395205429976842,0.5622460672137947,6.103515625e-05,ok,
8,384,8192,8576,25757184,64,32,4,2,5.0203680992126465,1.0693920254707336,4.694600277202124,1.0,6.103515625e-05,ok,
8,384,8192,8576,25757184,64,64,4,2,5.0203680992126465,1.2002879977226257,4.182636257913163,0.8909461958294606,6.103515625e-05,ok,
8,384,8192,8576,25757184,128,64,8,2,5.0203680992126465,1.2701760530471802,3.952497834586531,0.8419242536538448,6.103515625e-05,ok,
8,384,16384,16768,50923008,32,16,4,2,9.321824073791504,6.023632049560547,1.5475420804415794,0.34171807386551106,3.0517578125e-05,ok,
8,384,16384,16768,50923008,32,32,2,2,9.321824073791504,4.204992055892944,2.216847011810105,0.48950959105041303,3.0517578125e-05,ok,
8,384,16384,16768,50923008,32,32,4,2,9.321824073791504,3.698848009109497,2.5201965722391892,0.55649324778445,3.0517578125e-05,ok,
8,384,16384,16768,50923008,64,32,4,2,9.321824073791504,2.0583839416503906,4.528710064808106,1.0,3.0517578125e-05,ok,
8,384,16384,16768,50923008,64,64,4,2,9.321824073791504,2.3182239532470703,4.021105924962379,0.8879141891219228,6.103515625e-05,ok,
8,384,16384,16768,50923008,128,64,8,2,9.321824073791504,2.4464319944381714,3.810375311876299,0.8413820397746651,6.103515625e-05,ok,
8,512,0,512,1050624,32,16,4,2,0.9085600078105927,0.19491200149059296,4.66138565538481,0.5065670587798176,0.0009765625,ok,
8,512,0,512,1050624,32,32,2,2,0.9085600078105927,0.13207999616861343,6.878861554861981,0.747546957753774,0.0009765625,ok,
8,512,0,512,1050624,32,32,4,2,0.9085600078105927,0.14020799845457077,6.480086855422717,0.7042108895661102,0.0009765625,ok,
8,512,0,512,1050624,64,32,4,2,0.9085600078105927,0.0987359993159771,9.201912312681408,1.0,0.0009765625,ok,
8,512,0,512,1050624,64,64,4,2,0.9085600078105927,0.1034880019724369,8.779375294660529,0.9540816078589917,0.0009765625,ok,
8,512,0,512,1050624,128,64,8,2,0.9085600078105927,0.10782400146126747,8.42632433871382,0.9157144789459982,0.0009765625,ok,
8,512,2048,2560,9439232,32,16,4,2,1.671023964881897,1.1637279987335205,1.4359231424357446,0.3217521602514552,0.0001220703125,ok,
8,512,2048,2560,9439232,32,32,2,2,1.671023964881897,0.641215980052948,2.6060235815456645,0.5839405273503858,0.0001220703125,ok,
8,512,2048,2560,9439232,32,32,4,2,1.671023964881897,0.7435359954833984,2.247401571722841,0.5035828793926537,0.0001220703125,ok,
8,512,2048,2560,9439232,64,32,4,2,1.671023964881897,0.3744319975376129,4.462823625841532,1.0,0.0001220703125,ok,
8,512,2048,2560,9439232,64,64,4,2,1.671023964881897,0.39871999621391296,4.190971059262837,0.9390850749725892,0.0001220703125,ok,
8,512,2048,2560,9439232,128,64,8,2,1.671023964881897,0.3986719995737076,4.1914756157159045,0.9391981326453475,0.0001220703125,ok,
8,512,8192,8704,34605056,32,16,4,2,5.119232177734375,4.127407789230347,1.2403020101604687,0.28649458400819383,6.103515625e-05,ok,
8,512,8192,8704,34605056,32,32,2,2,5.119232177734375,2.196128010749817,2.331026312071186,0.5384385481263438,6.103515625e-05,ok,
8,512,8192,8704,34605056,32,32,4,2,5.119232177734375,2.531343936920166,2.022337661456957,0.4671352479451789,6.103515625e-05,ok,
8,512,8192,8704,34605056,64,32,4,2,5.119232177734375,1.182479977607727,4.329233707695486,1.0,6.103515625e-05,ok,
8,512,8192,8704,34605056,64,64,4,2,5.119232177734375,1.2673119902610779,4.039441129788227,0.9330614613408064,6.103515625e-05,ok,
8,512,8192,8704,34605056,128,64,8,2,5.119232177734375,1.2700000405311584,4.030891349887936,0.9310865668265432,6.103515625e-05,ok,
8,512,16384,16896,68159488,32,16,4,2,9.482288360595703,8.024256229400635,1.1817030874279515,0.28586127001378947,3.0517578125e-05,ok,
8,512,16384,16896,68159488,32,32,2,2,9.482288360595703,4.251424074172974,2.2303793258827715,0.5395425242537685,3.0517578125e-05,ok,
8,512,16384,16896,68159488,32,32,4,2,9.482288360595703,4.930607795715332,1.9231479674444505,0.4652213624952782,3.0517578125e-05,ok,
8,512,16384,16896,68159488,64,32,4,2,9.482288360595703,2.293824076652527,4.133834175475916,1.0,3.0517578125e-05,ok,
8,512,16384,16896,68159488,64,64,4,2,9.482288360595703,2.435104012489319,3.8939972633457667,0.9419819707444995,3.0517578125e-05,ok,
8,512,16384,16896,68159488,128,64,8,2,9.482288360595703,2.4359999895095825,3.8925650252177073,0.9416355035019197,3.0517578125e-05,ok,
8,768,0,768,2362368,32,16,4,2,0.9684640169143677,0.3586079925298691,2.700620279213946,0.42069334978823664,0.0009765625,ok,
8,768,0,768,2362368,32,32,2,2,0.9684640169143677,0.22524800151586533,4.29954543612745,0.6697684180234534,0.0009765625,ok,
8,768,0,768,2362368,32,32,4,2,0.9684640169143677,0.2417600005865097,4.005890199225985,0.6240238139983022,0.0009765625,ok,
8,768,0,768,2362368,64,32,4,2,0.9684640169143677,0.15086399763822556,6.419450843645023,1.0,0.0009765625,ok,
8,768,0,768,2362368,64,64,4,2,0.9684640169143677,0.16011200100183487,6.048666001640122,0.9422404110513657,0.0009765625,ok,
8,768,0,768,2362368,128,64,8,2,0.9684640169143677,0.17108800262212753,5.660619108713075,0.8817917991095519,0.0009765625,ok,
8,768,2048,2816,14945280,32,16,4,2,2.49398410320282,1.827344000339508,1.3648136873732886,0.30784790270778234,0.0001220703125,ok,
8,768,2048,2816,14945280,32,32,2,2,2.49398410320282,1.0499039888381958,2.375440163783563,0.5358052012476563,0.0001220703125,ok,
8,768,2048,2816,14945280,32,32,4,2,2.49398410320282,1.1442880034446716,2.1795073405428815,0.491610517926195,0.0001220703125,ok,
8,768,2048,2816,14945280,64,32,4,2,2.49398410320282,0.5625440180301666,4.433402584096235,1.0,0.0001220703125,ok,
8,768,2048,2816,14945280,64,64,4,2,2.49398410320282,0.6232639849185944,4.001489198078024,0.9025774497521167,0.0001220703125,ok,
8,768,2048,2816,14945280,128,64,8,2,2.49398410320282,0.6524640023708344,3.822408736942608,0.862183991739117,0.0001220703125,ok,
8,768,8192,8960,52694016,32,16,4,2,7.122575998306274,6.221760034561157,1.1447847488076024,0.2857095121224352,6.103515625e-05,ok,
8,768,8192,8960,52694016,32,32,2,2,7.122575998306274,3.6507359743118286,1.950997291621149,0.48691990780089717,6.103515625e-05,ok,
8,768,8192,8960,52694016,32,32,4,2,7.122575998306274,3.8176159858703613,1.8657130587958888,0.465635105939568,6.103515625e-05,ok,
8,768,8192,8960,52694016,64,32,4,2,7.122575998306274,1.777616024017334,4.0068135649506385,1.0,6.103515625e-05,ok,
8,768,8192,8960,52694016,64,64,4,2,7.122575998306274,2.045103907585144,3.4827452883392134,0.8692057246696774,6.103515625e-05,ok,
8,768,8192,8960,52694016,128,64,8,2,7.122575998306274,2.116768002510071,3.364835442457699,0.8397783894642354,6.103515625e-05,ok,
8,768,16384,17152,103025664,32,16,4,2,13.188096046447754,11.980400085449219,1.1008059791313096,0.2837781674780853,6.103515625e-05,ok,
8,768,16384,17152,103025664,32,32,2,2,13.188096046447754,7.011728048324585,1.8808624572367691,0.4848699148729013,6.103515625e-05,ok,
8,768,16384,17152,103025664,32,32,4,2,13.188096046447754,7.331264019012451,1.798884341396866,0.46373667256919204,6.103515625e-05,ok,
8,768,16384,17152,103025664,64,32,4,2,13.188096046447754,3.399775981903076,3.879107363734453,1.0,6.103515625e-05,ok,
8,768,16384,17152,103025664,64,64,4,2,13.188096046447754,3.887727975845337,3.3922373500373753,0.8744891625715758,6.103515625e-05,ok,
8,768,16384,17152,103025664,128,64,8,2,13.188096046447754,4.030416011810303,3.2721426293967566,0.8435297924434435,6.103515625e-05,ok,
8,1024,0,1024,4198400,32,16,4,2,1.1648159623146057,0.5724480152130127,2.0347978006023273,0.3762647353979828,0.0009765625,ok,
8,1024,0,1024,4198400,32,32,2,2,1.1648159623146057,0.3372640013694763,3.4537215877912133,0.6386450973083855,0.0009765625,ok,
8,1024,0,1024,4198400,32,32,4,2,1.1648159623146057,0.3755359947681427,3.1017425188063994,0.5735588704518416,0.0009765625,ok,
8,1024,0,1024,4198400,64,32,4,2,1.1648159623146057,0.21539200097322464,5.407888672984676,1.0,0.0009765625,ok,
8,1024,0,1024,4198400,64,64,4,2,1.1648159623146057,0.22991999983787537,5.066179380375601,0.9368128093471862,0.0009765625,ok,
8,1024,0,1024,4198400,128,64,8,2,1.1648159623146057,0.23841599375009537,4.885645228715449,0.9034293278117734,0.0009765625,ok,
8,1024,2048,3072,20975616,32,16,4,2,2.6507519483566284,2.528864026069641,1.0481986856669496,0.30111226974670885,0.0001220703125,ok,
8,1024,2048,3072,20975616,32,32,2,2,2.6507519483566284,1.356224000453949,1.9545089509324278,0.5614647628384054,0.0001220703125,ok,
8,1024,2048,3072,20975616,32,32,4,2,2.6507519483566284,1.5783519744873047,1.6794428563487374,0.48244751429286137,0.0001220703125,ok,
8,1024,2048,3072,20975616,64,32,4,2,2.6507519483566284,0.7614719867706299,3.4810892513569067,1.0,0.0001220703125,ok,
8,1024,2048,3072,20975616,64,64,4,2,2.6507519483566284,0.8169279992580414,3.2447803854980135,0.9321164012767609,0.0001220703125,ok,
8,1024,2048,3072,20975616,128,64,8,2,2.6507519483566284,0.8058240115642548,3.2894923833443785,0.944960656226253,0.0001220703125,ok,
8,1024,8192,9216,71307264,32,16,4,2,7.2442240715026855,8.442944049835205,0.8580210917830354,0.28278288482688235,6.103515625e-05,ok,
8,1024,8192,9216,71307264,32,32,2,2,7.2442240715026855,4.432175874710083,1.6344622317083806,0.5386790015413214,6.103515625e-05,ok,
8,1024,8192,9216,71307264,32,32,4,2,7.2442240715026855,5.138512134552002,1.409790204209427,0.4646325652887681,6.103515625e-05,ok,
8,1024,8192,9216,71307264,64,32,4,2,7.2442240715026855,2.3875200748443604,3.0342044650556197,1.0,6.103515625e-05,ok,
8,1024,8192,9216,71307264,64,64,4,2,7.2442240715026855,2.5511200428009033,2.839624929428711,0.935871317220759,6.103515625e-05,ok,
8,1024,8192,9216,71307264,128,64,8,2,7.2442240715026855,2.5560799837112427,2.834114784226978,0.9340553073686898,6.103515625e-05,ok,
8,1024,16384,17408,138416128,32,16,4,2,13.188032150268555,16.21288013458252,0.8134293253755771,0.2841790037514918,6.103515625e-05,ok,
8,1024,16384,17408,138416128,32,32,2,2,13.188032150268555,8.541024208068848,1.544080877069708,0.5394388321994642,6.103515625e-05,ok,
8,1024,16384,17408,138416128,32,32,4,2,13.188032150268555,9.9061598777771,1.3312961140324229,0.4651005214365554,6.103515625e-05,ok,
8,1024,16384,17408,138416128,64,32,4,2,13.188032150268555,4.607360124588013,2.862383619610768,1.0,6.103515625e-05,ok,
8,1024,16384,17408,138416128,64,64,4,2,13.188032150268555,4.883311986923218,2.700632723361551,0.9434908391939398,6.103515625e-05,ok,
8,1024,16384,17408,138416128,128,64,8,2,13.188032150268555,4.891887903213501,2.6958982730584,0.9418368155086749,6.103515625e-05,ok,
8,1536,0,1536,9443328,32,16,4,2,2.20414400100708,1.17849600315094,1.870302483091898,0.3367953667738863,0.0009765625,ok,
8,1536,0,1536,9443328,32,32,2,2,2.20414400100708,0.660975992679596,3.3346808740684857,0.6004938122089716,0.0009765625,ok,
8,1536,0,1536,9443328,32,32,4,2,2.20414400100708,0.7539840042591095,2.9233299228581746,0.5264196473409263,0.0009765625,ok,
8,1536,0,1536,9443328,64,32,4,2,2.20414400100708,0.39691199362277985,5.553231034640568,1.0,0.0009765625,ok,
8,1536,0,1536,9443328,64,64,4,2,2.20414400100708,0.4249279946088791,5.187100000403277,0.9340688273271186,0.0009765625,ok,
8,1536,0,1536,9443328,128,64,8,2,2.20414400100708,0.43297599256038666,5.090684099995846,0.9167067007010163,0.0009765625,ok,
8,1536,2048,3584,34609152,32,16,4,2,4.576255798339844,4.085344076156616,1.120164106873726,0.29681905787364293,0.0001220703125,ok,
8,1536,2048,3584,34609152,32,32,2,2,4.576255798339844,2.200719952583313,2.0794357741738154,0.551005128276797,0.0001220703125,ok,
8,1536,2048,3584,34609152,32,32,4,2,4.576255798339844,2.5550079345703125,1.791092597569351,0.4746004751560214,0.0001220703125,ok,
8,1536,2048,3584,34609152,64,32,4,2,4.576255798339844,1.212607979774475,3.7738955001689427,1.0,0.0001220703125,ok,
8,1536,2048,3584,34609152,64,64,4,2,4.576255798339844,1.3061919808387756,3.5035093351294235,0.9283535633068232,0.0001220703125,ok,
8,1536,2048,3584,34609152,128,64,8,2,4.576255798339844,1.2930400371551514,3.539144703058209,0.9377961586111155,0.0001220703125,ok,
8,1536,8192,9728,110106624,32,16,4,2,12.10859203338623,12.77894401550293,0.9475424588054026,0.28598293923726914,6.103515625e-05,ok,
8,1536,8192,9728,110106624,32,32,2,2,12.10859203338623,6.750447988510132,1.793746437865478,0.5413803611437978,6.103515625e-05,ok,
8,1536,8192,9728,110106624,32,32,4,2,12.10859203338623,7.821008205413818,1.5482136976923875,0.4672747904000788,6.103515625e-05,ok,
8,1536,8192,9728,110106624,64,32,4,2,12.10859203338623,3.6545599699020386,3.3132831676342156,1.0,6.103515625e-05,ok,
8,1536,8192,9728,110106624,64,64,4,2,12.10859203338623,3.8712799549102783,3.127800669137312,0.9440185190602516,6.103515625e-05,ok,
8,1536,8192,9728,110106624,128,64,8,2,12.10859203338623,3.8857439756393433,3.1161579633907652,0.9405045707625997,6.103515625e-05,ok,
8,1536,16384,17920,210769920,32,16,4,2,21.848000526428223,24.412992477416992,0.8949333248121265,0.286683414405897,6.103515625e-05,ok,
8,1536,16384,17920,210769920,32,32,2,2,21.848000526428223,12.862560272216797,1.698573228350193,0.5441218459756282,6.103515625e-05,ok,
8,1536,16384,17920,210769920,32,32,4,2,21.848000526428223,14.894943714141846,1.4668065180860583,0.4698775754786133,6.103515625e-05,ok,
8,1536,16384,17920,210769920,64,32,4,2,21.848000526428223,6.998800039291382,3.121678059634963,1.0,6.103515625e-05,ok,
8,1536,16384,17920,210769920,64,64,4,2,21.848000526428223,7.383455991744995,2.959047978460924,0.9479029938170317,6.103515625e-05,ok,
8,1536,16384,17920,210769920,128,64,8,2,21.848000526428223,7.360063791275024,2.968452603947251,0.9509156765173826,6.103515625e-05,ok,
8,2048,0,2048,16785408,32,16,4,2,2.9748159646987915,1.9937120079994202,1.492099136065221,0.32059193689772564,0.0009765625,ok,
8,2048,0,2048,16785408,32,32,2,2,2.9748159646987915,1.1058399677276611,2.6900962630348784,0.5779932114175476,0.0009765625,ok,
8,2048,0,2048,16785408,32,32,4,2,2.9748159646987915,1.2803199887275696,2.323494119353144,0.49922519361430673,0.0009765625,ok,
8,2048,0,2048,16785408,64,32,4,2,2.9748159646987915,0.639167994260788,4.654200447159799,1.0,0.0009765625,ok,
8,2048,0,2048,16785408,64,64,4,2,2.9748159646987915,0.6893599927425385,4.315330155531412,0.9271904389431312,0.0009765625,ok,
8,2048,0,2048,16785408,128,64,8,2,2.9748159646987915,0.6909759938716888,4.3052377956435945,0.9250219977678105,0.0009765625,ok,
8,2048,2048,4096,50339840,32,16,4,2,6.012223958969116,5.92849588394165,1.0141229877976736,0.28714467322616816,0.0001220703125,ok,
8,2048,2048,4096,50339840,32,32,2,2,6.012223958969116,3.1732479333877563,1.8946593790263566,0.536464861571562,0.0001220703125,ok,
8,2048,2048,4096,50339840,32,32,4,2,6.012223958969116,3.68231999874115,1.6327271831411923,0.4622998582141352,0.0001220703125,ok,
8,2048,2048,4096,50339840,64,32,4,2,6.012223958969116,1.7023360133171082,3.5317492621529647,1.0,0.0001220703125,ok,
8,2048,2048,4096,50339840,64,64,4,2,6.012223958969116,1.8370880484580994,3.272692326323326,0.926649114475438,0.0001220703125,ok,
8,2048,2048,4096,50339840,128,64,8,2,6.012223958969116,1.8341119885444641,3.278002650067386,0.9281527103849683,0.0001220703125,ok,
8,2048,8192,10240,151003136,32,16,4,2,14.227519989013672,17.521504402160645,0.8120033338723598,0.2886994017023911,6.103515625e-05,ok,
8,2048,8192,10240,151003136,32,32,2,2,14.227519989013672,9.322559833526611,1.5261387690800772,0.5426028824870561,6.103515625e-05,ok,
8,2048,8192,10240,151003136,32,32,4,2,14.227519989013672,10.7948317527771,1.3179936764974103,0.46859904384598156,6.103515625e-05,ok,
8,2048,8192,10240,151003136,64,32,4,2,14.227519989013672,5.05844783782959,2.8126256205734097,1.0,6.103515625e-05,ok,
8,2048,8192,10240,151003136,64,64,4,2,14.227519989013672,5.352495908737183,2.6581094561490994,0.9450633730653392,6.103515625e-05,ok,
8,2048,8192,10240,151003136,128,64,8,2,14.227519989013672,5.314160108566284,2.6772847822329044,0.9518809622757709,6.103515625e-05,ok,
8,2048,16384,18432,285220864,32,16,4,2,25.37654399871826,32.81804847717285,0.7732496347663496,0.28791522534234787,6.103515625e-05,ok,
8,2048,16384,18432,285220864,32,32,2,2,25.37654399871826,17.405168533325195,1.4579889847162637,0.5428741356057502,6.103515625e-05,ok,
8,2048,16384,18432,285220864,32,32,4,2,25.37654399871826,20.134943962097168,1.2603235472861556,0.46927450309214425,6.103515625e-05,ok,
8,2048,16384,18432,285220864,64,32,4,2,25.37654399871826,9.448815822601318,2.6856851138973665,1.0,6.103515625e-05,ok,
8,2048,16384,18432,285220864,64,64,4,2,25.37654399871826,9.999567985534668,2.5377640349490957,0.9449224042748582,6.103515625e-05,ok,
8,2048,16384,18432,285220864,128,64,8,2,25.37654399871826,9.974688053131104,2.5440939970801835,0.9472793306689213,6.103515625e-05,ok,
