batch_size,context_length,production_median_ms,production_gbps,best_heads_per_program,best_num_warps,best_grouped_median_ms,best_speedup,best_gbps,successful_configs,failed_configs
1,256,0.05352000147104263,29.38833999941141,1,8,0.061792001128196716,0.8661315460557332,25.454168359701754,8,0
1,512,0.07108800113201141,44.25118092937145,1,8,0.0811999998986721,0.8754679953290732,38.740492659180944,8,0
1,1024,0.10867200046777725,57.893992683658226,1,8,0.1202079989016056,0.9040330216022399,52.33808113842552,8,0
1,2048,0.18360000103712082,68.5343786978299,1,8,0.1993280053138733,0.921094859440417,63.12666391351394,8,0
1,4096,0.332720011472702,75.63664081583121,1,8,0.35763199627399445,0.9303418456378649,70.36793201444866,8,0
1,8192,0.6314080059528351,79.71335099567882,1,8,0.673471987247467,0.9375416021881612,74.73458280827596,8,0
1,12288,0.9296800196170807,81.2080182502966,1,8,0.9889280200004578,0.9400886624859213,76.34273726005362,8,0
1,16384,1.2291200160980225,81.8986711481331,1,8,1.3066080212593079,0.9406952935383004,77.0416944960898,8,0
2,256,0.05257599987089634,59.832014754346694,1,8,0.061264000833034515,0.8581875025463,51.347087314346176,8,0
2,512,0.07087999954819679,88.76207731522278,1,8,0.08103999868035316,0.8746298211056178,77.63395980317631,8,0
2,1024,0.10857599973678589,115.89036279199803,1,8,0.12105599790811539,0.896907229819359,103.94290425453147,8,0
2,2048,0.18244799971580505,137.9342280496372,1,8,0.19912000000476837,0.9162715935688828,126.38521494273478,8,0
2,4096,0.3319680094718933,151.61595865839422,1,8,0.3574400097131729,0.9287376915031992,140.81145543944152,8,0
2,8192,0.6279360055923462,160.30820832616857,1,8,0.673471987247467,0.9323862276124802,149.46916561655192,8,0
2,12288,0.9409439861774445,160.47176688318316,1,8,0.9978559911251068,0.9429657130349113,151.31937408097286,8,0
2,16384,1.7178879976272583,117.19424798244803,1,8,1.5410879850387573,1.1147241522255165,130.63925872794132,8,0
4,256,0.05257599987089634,119.66402950869339,1,8,0.060975998640060425,0.8622408987715143,103.17922035419681,8,0
4,512,0.07127999886870384,176.5279489296491,1,8,0.08100799843668938,0.8799130980184838,155.32925442953626,8,0
4,1024,0.10851199924945831,231.91743009126822,1,8,0.12070400267839432,0.8989925507158153,208.49204203320602,8,0
4,2048,0.1833600029349327,274.4963306848372,1,8,0.20020800083875656,0.9158475294032186,251.396786287957,8,0
4,4096,0.3330719918012619,302.22684127719754,1,8,0.35899199545383453,0.9277978228461479,280.4054053426521,8,0
4,8192,0.8755680024623871,229.9382702814664,1,8,0.7915360033512115,1.1061632051547878,254.34925404229477,8,0
4,12288,1.2988960146903992,232.4973551266006,1,8,1.1667519807815552,1.1132580326286026,258.82954815959295,8,0
4,16384,1.717631995677948,234.42343005555918,1,8,1.540399968624115,1.115055849561031,261.3952169576125,8,0
8,256,0.052400000393390656,240.13190659416702,1,8,0.060736000537872314,0.8627502622718186,207.17386539394943,8,0
8,512,0.07156800106167793,351.63513898218105,1,8,0.08132800087332726,0.8799921342361403,309.4361564253513,8,0
8,1024,0.10838399827480316,464.3826468957731,1,8,0.12083200365304947,0.8969808908077959,416.54236028825267,8,0
8,2048,0.18376000225543976,547.7976423839541,1,8,0.20051199942827225,0.9164538919336592,502.03128135485764,8,0
8,4096,0.4562879949808121,441.2270193706635,1,8,0.4174879938364029,1.0929368070872318,482.2332497515892,8,0
8,8192,0.8773600161075592,458.9372396822755,1,8,0.79203200340271,1.107733036466033,508.37994206058653,8,0
8,12288,1.2987679839134216,465.0405487977154,1,8,1.16457599401474,1.1152281951442864,518.6263319045845,8,0
8,16384,1.723792016506195,467.1714222416494,1,8,1.5398240089416504,1.1194733985807828,522.9859797766773,8,0
12,256,0.06108799949288368,308.97014400019316,1,8,0.06985600292682648,0.874484610247065,270.18963595398844,8,0
12,512,0.08841600269079208,426.94461241382567,1,8,0.09787200018763542,0.9033840375315232,385.6949477647332,8,0
12,1024,0.14243199676275253,530.0597738986651,1,8,0.15359999984502792,0.9272916465264117,491.52000049591066,8,0
12,2048,0.2526400089263916,597.6683766029845,1,8,0.26607999205589294,0.9494889374219534,567.4795118314717,8,0
12,4096,0.4718399941921234,640.0260506044259,1,8,0.48920001089572906,0.9645134580601924,617.3137393170825,8,0
12,8192,0.9081279933452606,665.0822135491348,1,8,0.9492640197277069,0.9566653475455164,636.2611069713245,8,0
12,12288,1.3438559770584106,674.156814023399,1,4,1.4161760210990906,0.9489328706578773,639.7295608047926,8,0
12,16384,1.7804319858551025,678.4643061890644,1,4,1.8921440243721008,0.9409600764645443,638.4078254301259,8,0
16,256,0.06180800125002861,407.1612653869527,1,8,0.07043199986219406,0.8775556759847938,357.30667948147124,8,0
16,512,0.08875199779868126,567.1043948122581,1,8,0.09843199700117111,0.901658002505276,511.334215838384,8,0
16,1024,0.14372800290584564,700.3735804075926,1,8,0.15463999658823013,0.9294361489709512,650.9525234150298,8,0
16,2048,0.27054400742053986,744.154690098359,1,8,0.27878400683403015,0.9704430698623402,722.15976191151,8,0
16,4096,0.5054560005664825,796.6137182044179,1,8,0.5140480101108551,0.983285589331394,783.298789374104,8,0
16,8192,0.9809440076351166,820.9503924097074,1,8,0.9886080026626587,0.9922476906853875,814.5861310357949,8,0
16,12288,1.449392020702362,833.4250049304355,1,8,1.46971195936203,0.9861742033667003,821.9022403031605,8,0
16,16384,1.9236159920692444,837.2839187448503,1,4,1.938048005104065,0.9925533253062813,831.0489377756754,8,0
24,256,0.07103999704122543,531.3729951043483,1,4,0.07702399790287018,0.9223099160706931,490.09058251692426,8,0
24,512,0.10755199939012527,701.9625151378792,1,4,0.11231999844312668,0.9575498653927094,672.164111881004,8,0
24,1024,0.17899199575185776,843.5848953230793,1,4,0.18140799552202225,0.9866819554275313,832.3499940865053,8,0
24,2048,0.3216799944639206,938.7897699490634,1,4,0.31881600618362427,1.0089832010462072,947.2231071926383,8,0
24,4096,0.6239999830722809,967.9163339497048,1,4,0.6013280153274536,1.0377031622790454,1004.4098405611492,8,0
24,8192,1.2364000082015991,976.9973665375762,1,4,1.2005760073661804,1.0298390111210112,1006.1500018228896,8,0
24,12288,1.8618080019950867,973.214921226223,1,4,1.7968000173568726,1.0361798664349091,1008.4257070886484,8,0
24,16384,2.4849759340286255,972.2102620460106,1,4,2.38699209690094,1.041049083176647,1012.118601957927,8,0
32,256,0.07171200215816498,701.8580779405745,1,4,0.07679999992251396,0.9337500290431975,655.3600006612141,8,0
32,512,0.10931199789047241,920.8805798322508,1,4,0.11214399710297585,0.9747467605430279,897.6253620384715,8,0
32,1024,0.1823519989848137,1104.0547573968001,1,4,0.18692799657583237,0.9755199987436751,1077.0274955486748,8,0
32,2048,0.32843200862407684,1225.9864246693344,1,4,0.3312160074710846,0.9915946126267741,1215.6815338556726,8,0
32,4096,0.6207999885082245,1297.207446693326,1,4,0.6177759766578674,1.004894997482286,1303.5572738788926,8,0
32,8192,1.1996960043907166,1342.5173794906264,1,4,1.1929759979248047,1.0056329770905712,1350.0797491329913,8,0
32,12288,1.8120319843292236,1333.265154750744,1,4,1.8023359775543213,1.005379688856935,1340.4377064470964,8,0
32,16384,2.398176074028015,1343.1980691015642,1,4,2.3629599809646606,1.0149033810758732,1363.216261785762,8,0
48,256,0.09167999774217606,823.4890255158512,1,4,0.09747199714183807,0.9405778113765978,774.5555053123466,8,0
48,512,0.1488960012793541,1014.0967030854505,1,4,0.1525920033454895,0.9757785337035838,989.5337939703594,8,0
48,1024,0.2635200023651123,1145.984689168251,1,4,0.264847993850708,0.9949858352095192,1140.2385330893933,8,0
48,2048,0.4946880042552948,1220.9307094665323,1,4,0.49848000705242157,0.9923928688343001,1211.642929415389,8,0
48,4096,0.9717920124530792,1243.02272144712,1,4,0.9563200175762177,1.016178679304523,1263.1331874256484,8,0
48,8192,1.9142879843711853,1262.0457965177027,1,4,1.8717120289802551,1.0227470651102917,1290.7536344232608,8,0
48,12288,2.8572800159454346,1268.296644282835,1,4,2.774847984313965,1.0297068639786586,1305.9737601791344,8,0
48,16384,3.8075839281082153,1269.0037302475644,1,4,3.686511993408203,1.0328418664896517,1310.6801813312252,8,0
64,256,0.1034879982471466,972.7050257518678,2,4,0.10195200145244598,1.0150658817170652,493.67984230772026,8,0
64,512,0.17281600087881088,1164.9765703187547,2,4,0.16121600568294525,1.071953123678543,624.4001367827523,8,0
64,1024,0.31060799956321716,1296.3387439029857,2,4,0.2781759947538376,1.116588078845837,723.73819379403,8,0
64,2048,0.5873599946498871,1371.0609768035467,2,4,0.5137760043144226,1.143221928851376,783.713487237101,8,0
64,4096,1.157584011554718,1391.357102312455,2,4,0.9990719854831696,1.1586592641719295,806.0543981828688,8,0
64,8192,2.2895359992980957,1406.933751200039,2,4,1.9819679856300354,1.1551831391314271,812.6330736306078,8,0
64,12288,3.417359948158264,1413.909649934315,2,4,2.9750399589538574,1.1486769910008012,812.0627411167726,8,0
64,16384,4.502607822418213,1430.8265783050047,2,4,3.9375200271606445,1.1435136307522618,818.0848477671957,8,0
96,256,0.1372479945421219,1100.1613867200012,3,4,0.13382399827241898,1.0255858165493819,376.10330471177764,8,0
96,512,0.23975999653339386,1259.5507689621554,3,4,0.22526399791240692,1.0643511557786685,446.8681055689269,8,0
96,1024,0.45083199441432953,1339.7003395569184,3,4,0.40776000916957855,1.1056307246325332,493.7379524049221,8,0
96,2048,0.8731519877910614,1383.4470617835384,3,4,0.7790719866752625,1.1207590604268691,516.8369430382771,8,0
96,4096,1.7150400280952454,1408.6663077381136,3,4,1.5223039984703064,1.1266081083795423,529.0049614329434,8,0
96,8192,3.3870879411697388,1426.546429240722,3,4,3.006335973739624,1.1266498391250968,535.7394350028469,8,0
96,12288,5.05998420715332,1432.367575723619,3,4,4.490031957626343,1.1269372367292199,538.0627859221689,8,0
96,16384,6.736112117767334,1434.6074185004804,3,4,5.993935823440552,1.123821194652159,537.4140743053534,8,0
128,256,0.17070399969816208,1179.390010521046,2,4,0.1597599983215332,1.0685027634677546,630.090742724001,8,0
128,512,0.3070079982280731,1311.5397198898809,2,4,0.2800000011920929,1.0964571318606942,719.0235397959183,8,0
128,1024,0.5797120034694672,1389.1490312092783,2,4,0.514384001493454,1.1270023985706028,782.7871450724427,8,0
128,2048,1.1354719996452332,1418.4521824432657,2,4,0.9866079986095428,1.1508846484576336,816.2374206725905,8,0
128,4096,2.236543893814087,1440.269283741482,2,4,1.9286240339279175,1.15965779460865,835.1097506131134,8,0
128,8192,4.444399833679199,1449.5660123060434,2,4,3.8136481046676636,1.1653932695676708,844.6572372677552,8,0
128,12288,6.639679908752441,1455.4431160546337,2,4,5.70032000541687,1.1647907314752366,847.6433258849373,8,0
128,16384,8.847087860107422,1456.4003536236555,2,4,7.594111919403076,1.1649930833259083,848.3481692624829,8,0
192,256,0.23756800591945648,1271.172382119437,2,4,0.2186560034751892,1.0864920338051143,690.5593333829196,8,0
192,512,0.4418880045413971,1366.816410024133,2,4,0.39481601119041443,1.1192251378282643,764.8876424475966,8,0
192,1024,0.8542720079421997,1414.022162460614,2,4,0.7446879744529724,1.1471542944811546,811.0507980791111,8,0
192,2048,1.6738879680633545,1443.297968618029,2,4,1.4449599981307983,1.1584320467201152,835.9813099065841,8,0
192,4096,3.3102400302886963,1459.6640013378728,2,4,2.843935966491699,1.1639643329846956,849.4984178495046,8,0
192,8192,6.577264070510864,1469.2547406340354,2,4,5.646399974822998,1.1648597513173953,855.7378558984333,8,0
192,12288,9.848688125610352,1471.821875068429,2,4,8.44539213180542,1.1661611411174275,858.1907386756955,8,0
192,16384,13.121119976043701,1472.9956640353512,2,4,11.240335941314697,1.1673245394575833,859.7319925715416,8,0
256,256,0.30484800040721893,1320.8326230191174,2,4,0.26580800116062164,1.1468729273616045,757.4135884583211,8,0
256,512,0.5749920010566711,1400.5522972842698,2,4,0.48923200368881226,1.1752951497882966,823.0311610115293,8,0
256,1024,1.1167359948158264,1442.250221607323,2,4,0.9291360080242157,1.201907993201703,866.7260347733844,8,0
256,2048,2.201311945915222,1463.3207610476745,2,4,1.8135839700698853,1.2137910249782347,888.0828032119937,8,0
256,4096,4.362352132797241,1476.8296432477475,2,4,3.569375991821289,1.2221610003521464,902.4617970706852,8,0
256,8192,8.693504333496094,1482.1298056244636,2,4,7.094111919403076,1.2254535073965391,908.1405843597249,8,0
256,12288,13.0065598487854,1485.9696227673037,2,4,10.610623836517334,1.225805386109557,910.7547835916738,8,0
256,16384,17.32910442352295,1487.082260351518,2,4,14.130448341369629,1.2263662132211781,911.8537201878407,8,0
