batch_size,context_length,k_splits,num_kv_blocks,production_programs,splitk_programs,production_median_ms,splitk_median_ms,speedup,kv_bytes,production_gbps,splitk_gbps,max_abs_error,status,error
1,512,1,32,12,12,0.07039999961853027,0.07039999961853027,1.0,524288,7.44727276762655,7.44727276762655,0.0,ok,
1,512,2,32,12,24,0.07039999961853027,0.09423999860882759,0.7470288694585763,524288,7.44727276762655,5.563327756149704,5.960464477539063e-08,ok,
1,512,4,32,12,48,0.07039999961853027,0.09492800012230873,0.7416146924808731,524288,7.44727276762655,5.523006903384545,0.0,ok,
1,512,8,32,12,96,0.07039999961853027,0.09363199770450592,0.7518797136071611,524288,7.44727276762655,5.59945331567746,0.0,ok,
1,512,16,32,12,192,0.07039999961853027,0.09417599812150002,0.7475365382133202,524288,7.44727276762655,5.567108503841884,0.0,ok,
1,512,auto(4),32,12,48,0.07039999961853027,0.09348800033330917,0.753037816270921,524288,7.44727276762655,5.608078022107395,0.0,ok,
1,2048,1,128,12,12,0.18145599961280823,0.18145599961280823,1.0,2097152,11.557358282310389,11.557358282310389,0.0,ok,
1,2048,2,128,12,24,0.18145599961280823,0.14164800196886063,1.2810346569710094,2097152,11.557358282310389,14.805376502670544,1.52587890625e-05,ok,
1,2048,4,128,12,48,0.18145599961280823,0.10334399715065956,1.7558446026456036,2097152,11.557358282310389,20.292925160836162,1.52587890625e-05,ok,
1,2048,8,128,12,96,0.18145599961280823,0.09404800087213516,1.9293977323293703,2097152,11.557358282310389,22.298740861607733,3.814697265625e-06,ok,
1,2048,16,128,12,192,0.18145599961280823,0.09383999928832054,1.9336743498397755,2097152,11.557358282310389,22.348167262411888,3.814697265625e-06,ok,
1,2048,auto(16),128,12,192,0.18145599961280823,0.09408000111579895,1.9287414696079987,2097152,11.557358282310389,22.291156198209517,3.814697265625e-06,ok,
1,4096,1,256,12,12,0.3290880024433136,0.3290880024433136,1.0,4194304,12.745235222370287,12.745235222370287,0.0,ok,
1,4096,2,256,12,24,0.3290880024433136,0.21902400255203247,1.5025202653993768,4194304,12.745235222370287,19.149974208893287,6.103515625e-05,ok,
1,4096,4,256,12,48,0.3290880024433136,0.14115199446678162,2.331444225683686,4194304,12.745235222370287,29.714805064175536,3.814697265625e-06,ok,
1,4096,8,256,12,96,0.3290880024433136,0.10292800143361092,3.1972640861542136,4194304,12.745235222370287,40.74988284607223,3.814697265625e-06,ok,
1,4096,16,256,12,192,0.3290880024433136,0.09351999685168266,3.5189051916375513,4194304,12.745235222370287,44.849274392640595,3.814697265625e-06,ok,
1,4096,auto(32),256,12,384,0.3290880024433136,0.0960800014436245,3.42514568587312,4194304,12.745235222370287,43.65428743733973,3.814697265625e-06,ok,
1,8192,1,512,12,12,0.6264159977436066,0.6264159977436066,1.0,8388608,13.391433217249148,13.391433217249148,0.0,ok,
1,8192,2,512,12,24,0.6264159977436066,0.3739839941263199,1.674980768112828,8388608,13.391433217249148,22.430393096359616,3.814697265625e-06,ok,
1,8192,4,512,12,48,0.6264159977436066,0.21992000192403793,2.8483811943580077,8388608,13.391433217249148,38.14390654151362,3.814697265625e-06,ok,
1,8192,8,512,12,96,0.6264159977436066,0.14230400323867798,4.401956259044635,8388608,13.391433217249148,58.94850326824812,3.814697265625e-06,ok,
1,8192,16,512,12,192,0.6264159977436066,0.12015999853610992,5.213182468168547,8388608,13.391433217249148,69.81198487181317,3.814697265625e-06,ok,
1,8192,auto(44),512,12,528,0.6264159977436066,0.10334399715065956,6.061464768296013,8388608,13.391433217249148,81.17170064334465,3.814697265625e-06,ok,
1,16384,1,1024,12,12,1.2231839895248413,1.2231839895248413,1.0,16777216,13.716019947675482,13.716019947675482,0.0,ok,
1,16384,2,1024,12,24,1.2231839895248413,0.6848159730434418,1.7861499113240569,16777216,13.716019947675482,24.498867813259555,7.62939453125e-06,ok,
1,16384,4,1024,12,48,1.2231839895248413,0.37697601318359375,3.2447263134727087,16777216,13.716019947675482,44.50473084033919,7.62939453125e-06,ok,
1,16384,8,1024,12,96,1.2231839895248413,0.22145599871873856,5.523372573340644,16777216,13.716019947675482,75.75868839438392,3.814697265625e-06,ok,
1,16384,16,1024,12,192,1.2231839895248413,0.174624003469944,7.0046726980198555,16777216,13.716019947675482,96.07623045297818,3.814697265625e-06,ok,
1,16384,auto(44),1024,12,528,1.2231839895248413,0.13972800225019455,8.75403619765943,16777216,13.716019947675482,120.07053510976995,7.62939453125e-06,ok,
4,512,1,32,48,48,0.07003199681639671,0.07003199681639671,1.0,2097152,29.94562621851431,29.94562621851431,0.0,ok,
4,512,2,32,48,96,0.07003199681639671,0.09452800080180168,0.7408598110863879,2097152,29.94562621851431,22.185510983112092,3.0517578125e-05,ok,
4,512,4,32,48,192,0.07003199681639671,0.09479999914765358,0.7387341502748325,2097152,29.94562621851431,22.121856738981915,1.52587890625e-05,ok,
4,512,8,32,48,384,0.07003199681639671,0.09350400045514107,0.7489732682613388,2097152,29.94562621851431,22.428473539013098,1.52587890625e-05,ok,
4,512,16,32,48,768,0.07003199681639671,0.09486399963498116,0.7382357594647777,2097152,29.94562621851431,22.10693211407327,6.103515625e-05,ok,
4,512,auto(4),32,48,192,0.07003199681639671,0.09460799768567085,0.7402333685263442,2097152,29.94562621851431,22.16675176836166,1.52587890625e-05,ok,
4,2048,1,128,48,48,0.18243199586868286,0.18243199586868286,1.0,8388608,45.98210944333602,45.98210944333602,0.0,ok,
4,2048,2,128,48,96,0.18243199586868286,0.1419999971985817,1.284732390617998,8388608,45.98210944333602,59.07470539079549,3.0517578125e-05,ok,
4,2048,4,128,48,192,0.18243199586868286,0.11960000172257423,1.5253511140564577,8388608,45.98210944333602,70.13886186605856,1.52587890625e-05,ok,
4,2048,8,128,48,384,0.18243199586868286,0.10169599950313568,1.7938954999213885,8388608,45.98210944333602,82.48709920729326,3.0517578125e-05,ok,
4,2048,16,128,48,768,0.18243199586868286,0.0995359979569912,1.8328243008877094,8388608,45.98210944333602,84.27712759382447,3.0517578125e-05,ok,
4,2048,auto(11),128,48,528,0.18243199586868286,0.10020800307393074,1.8205331936820406,8388608,45.98210944333602,83.71195655711364,3.0517578125e-05,ok,
4,4096,1,256,48,48,0.3323360085487366,0.3323360085487366,1.0,16777216,50.48269091653259,50.48269091653259,0.0,ok,
4,4096,2,256,48,96,0.3323360085487366,0.22102399915456772,1.5036195608619203,16777216,50.48269091653259,75.90676154704478,3.0517578125e-05,ok,
4,4096,4,256,48,192,0.3323360085487366,0.17416000366210938,1.908222333260322,16777216,50.48269091653259,96.33219825000548,3.0517578125e-05,ok,
4,4096,8,256,48,384,0.3323360085487366,0.13921599835157394,2.3871969635950916,16777216,50.48269091653259,120.51212647005609,3.0517578125e-05,ok,
4,4096,16,256,48,768,0.3323360085487366,0.13310399651527405,2.4968146505698656,16777216,50.48269091653259,126.04592228058884,3.0517578125e-05,ok,
4,4096,auto(11),256,48,528,0.3323360085487366,0.13471999764442444,2.4668647146646587,16777216,50.48269091653259,124.5339689233163,3.0517578125e-05,ok,
4,8192,1,512,48,48,0.8767519891262054,0.8767519891262054,1.0,33554432,38.271292698681236,38.271292698681236,0.0,ok,
4,8192,2,512,48,96,0.8767519891262054,0.49425598978996277,1.7738823752015362,33554432,38.271292698681236,67.8887715943699,1.52587890625e-05,ok,
4,8192,4,512,48,192,0.8767519891262054,0.3051520138978958,2.8731646825033494,33554432,38.271292698681236,109.95972653559924,1.52587890625e-05,ok,
4,8192,8,512,48,384,0.8767519891262054,0.21353599429130554,4.105874478146019,33554432,38.271292698681236,157.1371239371714,1.52587890625e-05,ok,
4,8192,16,512,48,768,0.8767519891262054,0.20295999944210052,4.3198265251095505,33554432,38.271292698681236,165.32534534999468,1.52587890625e-05,ok,
4,8192,auto(11),512,48,528,0.8767519891262054,0.20238400250673294,4.332121008907498,33554432,38.271292698681236,165.79587113800514,1.52587890625e-05,ok,
4,16384,1,1024,48,48,1.7207840085029602,1.7207840085029602,1.0,67108864,38.999004911943054,38.999004911943054,0.0,ok,
4,16384,2,1024,48,96,1.7207840085029602,0.981328010559082,1.753525824176358,67108864,38.999004911943054,68.38576223027277,7.62939453125e-06,ok,
4,16384,4,1024,48,192,1.7207840085029602,0.5549600124359131,3.100735133960083,67108864,38.999004911943054,120.92558471994369,7.62939453125e-06,ok,
4,16384,8,1024,48,384,1.7207840085029602,0.3648480027914047,4.716440806411067,67108864,38.999004911943054,183.93649817611387,1.52587890625e-05,ok,
4,16384,16,1024,48,768,1.7207840085029602,0.3405120074748993,5.053519320107403,67108864,38.999004911943054,197.08222478746774,7.62939453125e-06,ok,
4,16384,auto(11),1024,48,528,1.7207840085029602,0.33641600608825684,5.115047968471281,67108864,38.999004911943054,199.4817808472358,7.62939453125e-06,ok,
8,512,1,32,96,96,0.07012799754738808,0.07012799754738808,1.0,4194304,59.809265153560865,59.809265153560865,0.0,ok,
8,512,2,32,96,192,0.07012799754738808,0.09620800241827965,0.7289206280626783,4194304,59.809265153560865,43.59620711970085,0.0001220703125,ok,
8,512,4,32,96,384,0.07012799754738808,0.09366399794816971,0.7487188149516573,4194304,59.809265153560865,44.78032212890354,0.0001220703125,ok,
8,512,8,32,96,768,0.07012799754738808,0.09396800026297569,0.7462965834234018,4194304,59.809265153560865,44.635450241166794,0.0001220703125,ok,
8,512,16,32,96,1536,0.07012799754738808,0.09388799965381622,0.7469324919687712,4194304,59.809265153560865,44.67348346397021,0.0001220703125,ok,
8,512,auto(4),32,96,384,0.07012799754738808,0.09400000050663948,0.7460425230788668,4194304,59.809265153560865,44.620255078655504,0.0001220703125,ok,
8,2048,1,128,96,96,0.18297600001096725,0.18297600001096725,1.0,16777216,91.69080097386762,91.69080097386762,0.0,ok,
8,2048,2,128,96,192,0.18297600001096725,0.17444799840450287,1.0488856374648106,16777216,91.69080097386762,96.17316422913423,3.0517578125e-05,ok,
8,2048,4,128,96,384,0.18297600001096725,0.13942399621009827,1.3123709331587396,16777216,91.69080097386762,120.33234203614695,3.0517578125e-05,ok,
8,2048,8,128,96,768,0.18297600001096725,0.13342399895191193,1.3713874673844444,16777216,91.69080097386762,125.74361533000346,3.0517578125e-05,ok,
8,2048,16,128,96,1536,0.18297600001096725,0.1340479999780655,1.365003581112049,16777216,91.69080097386762,125.15827168436147,3.0517578125e-05,ok,
8,2048,auto(6),128,96,576,0.18297600001096725,0.1390879973769188,1.3155412649670628,16777216,91.69080097386762,120.623032299005,3.0517578125e-05,ok,
8,4096,1,256,96,96,0.45639999210834503,0.45639999210834503,1.0,33554432,73.51979092943213,73.51979092943213,0.0,ok,
8,4096,2,256,96,192,0.45639999210834503,0.304736003279686,1.497689761617902,33554432,73.51979092943213,110.10983815129917,3.0517578125e-05,ok,
8,4096,4,256,96,384,0.45639999210834503,0.21505600214004517,2.1222378709111123,33554432,73.51979092943213,156.02648457190813,1.52587890625e-05,ok,
8,4096,8,256,96,768,0.45639999210834503,0.20217599719762802,2.2574390552515085,33554432,73.51979092943213,165.9664473780257,1.52587890625e-05,ok,
8,4096,16,256,96,1536,0.45639999210834503,0.20372799783945084,2.2402418761706673,33554432,73.51979092943213,164.70211436742625,1.52587890625e-05,ok,
8,4096,auto(6),256,96,576,0.45639999210834503,0.2152319997549057,2.120502493254108,33554432,73.51979092943213,155.89889996938157,1.52587890625e-05,ok,
8,8192,1,512,96,96,0.8784799873828888,0.8784799873828888,1.0,67108864,76.39202368163949,76.39202368163949,0.0,ok,
8,8192,2,512,96,192,0.8784799873828888,0.547135978937149,1.60559718461469,67108864,76.39202368163949,122.65481815025908,1.52587890625e-05,ok,
8,8192,4,512,96,384,0.8784799873828888,0.36127999424934387,2.4315766202558953,67108864,76.39202368163949,185.75305875830924,1.52587890625e-05,ok,
8,8192,8,512,96,768,0.8784799873828888,0.33952000737190247,2.587417437289997,67108864,76.39202368163949,197.6580541437444,1.52587890625e-05,ok,
8,8192,16,512,96,1536,0.8784799873828888,0.3399040102958679,2.58449433008519,67108864,76.39202368163949,197.43475206893083,1.52587890625e-05,ok,
8,8192,auto(6),512,96,576,0.8784799873828888,0.3625440001487732,2.4230989535681093,67108864,76.39202368163949,185.10543264393087,1.52587890625e-05,ok,
8,16384,1,1024,96,96,1.7172799706459045,1.7172799706459045,1.0,134217728,78.15716149622239,78.15716149622239,0.0,ok,
8,16384,2,1024,96,192,1.7172799706459045,1.0201600193977356,1.6833437284277446,134217728,78.15716149622239,131.56536763638036,1.52587890625e-05,ok,
8,16384,4,1024,96,384,1.7172799706459045,0.6530399918556213,2.629670452136066,134217728,78.15716149622239,205.52757820944262,1.52587890625e-05,ok,
8,16384,8,1024,96,768,1.7172799706459045,0.6124320030212402,2.8040336921882676,134217728,78.15716149622239,219.15531412120714,1.52587890625e-05,ok,
8,16384,16,1024,96,1536,1.7172799706459045,0.6131359934806824,2.8008141569004295,134217728,78.15716149622239,218.9036843817728,1.52587890625e-05,ok,
8,16384,auto(6),1024,96,576,1.7172799706459045,0.6636319756507874,2.5876992575016637,134217728,78.15716149622239,202.24722877221228,1.52587890625e-05,ok,
16,512,1,32,192,192,0.08806400001049042,0.08806400001049042,1.0,8388608,95.25581394214124,95.25581394214124,0.0,ok,
16,512,2,32,192,384,0.08806400001049042,0.10241599753499031,0.8598656667910055,8388608,95.25581394214124,81.90720397107924,0.0001220703125,ok,
16,512,4,32,192,768,0.08806400001049042,0.09896000102162361,0.889894897952231,8388608,95.25581394214124,84.76766282739848,1.52587890625e-05,ok,
16,512,8,32,192,1536,0.08806400001049042,0.1008480004966259,0.8732349632795823,8388608,95.25581394214124,83.18070718993243,6.103515625e-05,ok,
16,512,16,32,192,3072,0.08806400001049042,0.10017599910497665,0.8790928046368292,8388608,95.25581394214124,83.73870063636092,6.103515625e-05,ok,
16,512,auto(3),32,192,576,0.08806400001049042,0.10211200267076492,0.8624255494668062,8388608,95.25581394214124,82.15104767895902,6.103515625e-05,ok,
16,2048,1,128,192,192,0.2687840014696121,0.2687840014696121,1.0,33554432,124.8379063357071,124.8379063357071,0.0,ok,
16,2048,2,128,192,384,0.2687840014696121,0.21484800428152084,1.2510425794666333,33554432,124.8379063357071,156.177536357437,3.0517578125e-05,ok,
16,2048,4,128,192,768,0.2687840014696121,0.20191999524831772,1.3311410845620624,33554432,124.8379063357071,166.17686603417027,3.0517578125e-05,ok,
16,2048,8,128,192,1536,0.2687840014696121,0.2030239999294281,1.323902600495717,33554432,124.8379063357071,165.2732288382834,3.0517578125e-05,ok,
16,2048,16,128,192,3072,0.2687840014696121,0.20279999822378159,1.3253649103735192,33554432,124.8379063357071,165.45578054184222,3.0517578125e-05,ok,
16,2048,auto(3),128,192,576,0.2687840014696121,0.21512000262737274,1.2494607576553225,33554432,124.8379063357071,155.98006503431677,3.0517578125e-05,ok,
16,4096,1,256,192,192,0.5039680004119873,0.5039680004119873,1.0,67108864,133.16096249194268,133.16096249194268,0.0,ok,
16,4096,2,256,192,384,0.5039680004119873,0.36208000779151917,1.3918691713632678,67108864,133.16096249194268,185.34263852159543,3.0517578125e-05,ok,
16,4096,4,256,192,768,0.5039680004119873,0.3400319963693619,1.482119346982126,67108864,133.16096249194268,197.3604387720695,3.0517578125e-05,ok,
16,4096,8,256,192,1536,0.5039680004119873,0.339151993393898,1.4859650252052878,67108864,133.16096249194268,197.87253298570002,3.0517578125e-05,ok,
16,4096,16,256,192,3072,0.5039680004119873,0.3360320031642914,1.4997619145388046,67108864,133.16096249194268,199.70974004874594,3.0517578125e-05,ok,
16,4096,auto(3),256,192,576,0.5039680004119873,0.3641919940710068,1.3837975809916576,67108864,133.16096249194268,184.26781777887112,3.0517578125e-05,ok,
16,8192,1,512,192,192,0.9771680235862732,0.9771680235862732,1.0,134217728,137.35378641168774,137.35378641168774,0.0,ok,
16,8192,2,512,192,384,0.9771680235862732,0.6548320055007935,1.4922423085276169,134217728,137.35378641168774,204.9651313199861,1.52587890625e-05,ok,
16,8192,4,512,192,768,0.9771680235862732,0.612496018409729,1.5953867359389053,134217728,137.35378641168774,219.13240897219202,1.52587890625e-05,ok,
16,8192,8,512,192,1536,0.9771680235862732,0.6112479865550995,1.5986441592935845,134217728,137.35378641168774,219.57982840390304,1.52587890625e-05,ok,
16,8192,16,512,192,3072,0.9771680235862732,0.6052320003509521,1.6145346297281848,134217728,137.35378641168774,221.76244468595843,1.52587890625e-05,ok,
16,8192,auto(3),512,192,576,0.9771680235862732,0.6645919978618622,1.4703276998971346,134217728,137.35378641168774,201.9550768468591,3.0517578125e-05,ok,
16,16384,1,1024,192,192,1.9099519848823547,1.9099519848823547,1.0,268435456,140.54565671007407,140.54565671007407,0.0,ok,
16,16384,2,1024,192,384,1.9099519848823547,1.23580801486969,1.5455086566045213,268435456,140.54565671007407,217.21452909358675,3.0517578125e-05,ok,
16,16384,4,1024,192,768,1.9099519848823547,1.156495988368988,1.651499014342427,268435456,140.54565671007407,232.11101352679646,3.0517578125e-05,ok,
16,16384,8,1024,192,1536,1.9099519848823547,1.1577759981155396,1.649673156112321,268435456,140.54565671007407,231.85439708278668,3.0517578125e-05,ok,
16,16384,16,1024,192,3072,1.9099519848823547,1.139136016368866,1.6766671911318878,268435456,140.54565671007407,235.64829146186645,3.0517578125e-05,ok,
16,16384,auto(3),1024,192,576,1.9099519848823547,1.266480028629303,1.508079039311401,268435456,140.54565671007407,211.9539589507184,3.0517578125e-05,ok,
32,512,1,32,384,384,0.10756799951195717,0.10756799951195717,1.0,16777216,155.9684671660651,155.9684671660651,0.0,ok,
32,512,2,32,384,768,0.10756799951195717,0.13225600123405457,0.8133317090208494,16777216,155.9684671660651,126.85409995353797,6.103515625e-05,ok,
32,512,4,32,384,1536,0.10756799951195717,0.13252799957990646,0.811662440034795,16777216,155.9684671660651,126.59374662849523,6.103515625e-05,ok,
32,512,8,32,384,3072,0.10756799951195717,0.13276800513267517,0.8101951927685016,16777216,155.9684671660651,126.36490232141784,6.103515625e-05,ok,
32,512,16,32,384,6144,0.10756799951195717,0.1340320035815239,0.802554588736934,16777216,155.9684671660651,125.17320902239138,6.103515625e-05,ok,
32,512,auto(2),32,384,768,0.10756799951195717,0.13232000172138214,0.8129383170539576,16777216,155.9684671660651,126.79274321146643,6.103515625e-05,ok,
32,2048,1,128,384,384,0.3298240005970001,0.3298240005970001,1.0,67108864,203.4687102167494,203.4687102167494,0.0,ok,
32,2048,2,128,384,768,0.3298240005970001,0.33745600283145905,0.9773837117419105,67108864,203.4687102167494,198.86700321498571,3.0517578125e-05,ok,
32,2048,4,128,384,1536,0.3298240005970001,0.33769600093364716,0.9766890922164229,67108864,203.4687102167494,198.72566987604336,6.103515625e-05,ok,
32,2048,8,128,384,3072,0.3298240005970001,0.33473600447177887,0.9853257378675772,67108864,203.4687102167494,200.48295702728285,6.103515625e-05,ok,
32,2048,16,128,384,6144,0.3298240005970001,0.3317920118570328,0.9940685393568768,67108864,203.4687102167494,202.2618435699917,6.103515625e-05,ok,
32,2048,auto(2),128,384,768,0.3298240005970001,0.3367200046777725,0.9795200641928845,67108864,203.4687102167494,199.3016840927538,3.0517578125e-05,ok,
32,4096,1,256,384,384,0.6287040114402771,0.6287040114402771,1.0,134217728,213.483174208679,213.483174208679,0.0,ok,
32,4096,2,256,384,768,0.6287040114402771,0.6085440218448639,1.0331282353810594,134217728,213.483174208679,220.5554950537598,6.103515625e-05,ok,
32,4096,4,256,384,1536,0.6287040114402771,0.6088480055332184,1.0326124184141314,134217728,213.483174208679,220.44537681034936,6.103515625e-05,ok,
32,4096,8,256,384,3072,0.6287040114402771,0.6032960116863251,1.0421153119891045,134217728,213.483174208679,222.47408469490188,6.103515625e-05,ok,
32,4096,16,256,384,6144,0.6287040114402771,0.5942879915237427,1.0579113500649617,134217728,213.483174208679,225.846273043257,6.103515625e-05,ok,
32,4096,auto(2),256,384,768,0.6287040114402771,0.6085920035839081,1.0330467829645023,134217728,213.483174208679,220.53810633332625,6.103515625e-05,ok,
32,8192,1,512,384,384,1.199999988079071,1.199999988079071,1.0,268435456,223.69621555555557,223.69621555555557,0.0,ok,
32,8192,2,512,384,768,1.199999988079071,1.153872013092041,1.0399766823908143,268435456,223.69621555555557,232.63884811684713,3.0517578125e-05,ok,
32,8192,4,512,384,1536,1.199999988079071,1.155504047870636,1.0385078185493442,268435456,223.69621555555557,232.31026883434387,3.0517578125e-05,ok,
32,8192,8,512,384,3072,1.199999988079071,1.1381759643554688,1.0543185110736477,268435456,223.69621555555557,235.84706091734313,3.0517578125e-05,ok,
32,8192,16,512,384,6144,1.199999988079071,1.113856017589569,1.0773385151484132,268435456,223.69621555555557,240.99654871094157,3.0517578125e-05,ok,
32,8192,auto(2),512,384,768,1.199999988079071,1.155951976776123,1.038105399002643,268435456,223.69621555555557,232.22024910468124,3.0517578125e-05,ok,
32,16384,1,1024,384,384,2.4425759315490723,2.4425759315490723,1.0,536870912,219.7970204592651,219.7970204592651,0.0,ok,
32,16384,2,1024,384,768,2.4425759315490723,2.247920036315918,1.0865937809568051,536870912,219.7970204592651,238.83007550387313,3.0517578125e-05,ok,
32,16384,4,1024,384,1536,2.4425759315490723,2.252768039703369,1.0842554086796685,536870912,219.7970204592651,238.31610824463397,1.52587890625e-05,ok,
32,16384,8,1024,384,3072,2.4425759315490723,2.213263988494873,1.103608039640198,536870912,219.7970204592651,242.56975886780603,1.52587890625e-05,ok,
32,16384,16,1024,384,6144,2.4425759315490723,2.157871961593628,1.131937378594597,536870912,219.7970204592651,248.79646316156357,1.52587890625e-05,ok,
32,16384,auto(2),1024,384,768,2.4425759315490723,2.2429120540618896,1.0890199315330236,536870912,219.7970204592651,239.3633361717115,3.0517578125e-05,ok,
64,512,1,32,768,768,0.17083200067281723,0.17083200067281723,1.0,33554432,196.4177195598411,196.4177195598411,0.0,ok,
64,512,2,32,768,1536,0.17083200067281723,0.20236800611019135,0.8441650632254466,33554432,196.4177195598411,165.8089766508313,6.103515625e-05,ok,
64,512,4,32,768,3072,0.17083200067281723,0.20216000080108643,0.8450336367029692,33554432,196.4177195598411,165.97957987255643,6.103515625e-05,ok,
64,512,8,32,768,6144,0.17083200067281723,0.200655996799469,0.8513675314849564,33554432,196.4177195598411,167.22366904156635,0.0001220703125,ok,
64,512,16,32,768,12288,0.17083200067281723,0.20467200130224228,0.8346622869072697,33554432,196.4177195598411,163.94246299692773,0.0001220703125,ok,
64,512,auto(1),32,768,768,0.17083200067281723,0.17083200067281723,1.0,33554432,196.4177195598411,196.4177195598411,0.0,ok,
64,2048,1,128,768,768,0.5867680013179779,0.5867680013179779,1.0,134217728,228.7407079093011,228.7407079093011,0.0,ok,
64,2048,2,128,768,1536,0.5867680013179779,0.6099839806556702,0.9619400179776239,134217728,228.7407079093011,220.0348406784875,6.103515625e-05,ok,
64,2048,4,128,768,3072,0.5867680013179779,0.6031360030174255,0.9728618394233469,134217728,228.7407079093011,222.5331058476412,6.103515625e-05,ok,
64,2048,8,128,768,6144,0.5867680013179779,0.5935199856758118,0.9886238298274898,134217728,228.7407079093011,226.13851469074447,6.103515625e-05,ok,
64,2048,16,128,768,12288,0.5867680013179779,0.5953439772129059,0.9855949228963795,134217728,228.7407079093011,225.44568037513093,6.103515625e-05,ok,
64,2048,auto(1),128,768,768,0.5867680013179779,0.5867680013179779,1.0,134217728,228.7407079093011,228.7407079093011,0.0,ok,
64,4096,1,256,768,768,1.1536160111427307,1.1536160111427307,1.0,268435456,232.69047361270364,232.69047361270364,0.0,ok,
64,4096,2,256,768,1536,1.1536160111427307,1.1615039706230164,0.9932088398492046,268435456,232.69047361270364,231.11023534083532,6.103515625e-05,ok,
64,4096,4,256,768,3072,1.1536160111427307,1.1386719942092896,1.013124075246813,268435456,232.69047361270364,235.74432089761328,6.103515625e-05,ok,
64,4096,8,256,768,6144,1.1536160111427307,1.1135839819908142,1.0359488191275426,268435456,232.69047361270364,241.05542136130896,6.103515625e-05,ok,
64,4096,16,256,768,12288,1.1536160111427307,1.1154560446739197,1.034210192908109,268435456,232.69047361270364,240.65085960287348,6.103515625e-05,ok,
64,4096,auto(1),256,768,768,1.1536160111427307,1.1536160111427307,1.0,268435456,232.69047361270364,232.69047361270364,0.0,ok,
64,8192,1,512,768,768,2.2742398977279663,2.2742398977279663,1.0,536870912,236.06608631585,236.06608631585,0.0,ok,
64,8192,2,512,768,1536,2.2742398977279663,2.2666399478912354,1.0033529585692698,536870912,236.06608631585,236.8576061228767,3.0517578125e-05,ok,
64,8192,4,512,768,3072,2.2742398977279663,2.2184799909591675,1.0251342842829476,536870912,236.06608631585,241.99943843887544,3.0517578125e-05,ok,
64,8192,8,512,768,6144,2.2742398977279663,2.158527970314026,1.0536068695913663,536870912,236.06608631585,248.72085021992797,3.0517578125e-05,ok,
64,8192,16,512,768,12288,2.2742398977279663,2.155503988265991,1.0550849871344905,536870912,236.06608631585,249.06978364344815,3.0517578125e-05,ok,
64,8192,auto(1),512,768,768,2.2742398977279663,2.2742398977279663,1.0,536870912,236.06608631585,236.06608631585,0.0,ok,
64,16384,1,1024,768,768,4.513520002365112,4.513520002365112,1.0,1073741824,237.8945531286784,237.8945531286784,0.0,ok,
64,16384,2,1024,768,1536,4.513520002365112,4.464079856872559,1.0110751032861653,1073741824,237.8945531286784,240.5292598757947,3.0517578125e-05,ok,
64,16384,4,1024,768,3072,4.513520002365112,4.37935996055603,1.0306346230995929,1073741824,237.8945531286784,245.18236310122157,3.0517578125e-05,ok,
64,16384,8,1024,768,6144,4.513520002365112,4.254591941833496,1.0608584945563622,1073741824,237.8945531286784,252.3724574952483,3.0517578125e-05,ok,
64,16384,16,1024,768,12288,4.513520002365112,4.236144065856934,1.0654784002139617,1073741824,237.8945531286784,253.4715078871596,3.0517578125e-05,ok,
64,16384,auto(1),1024,768,768,4.513520002365112,4.513520002365112,1.0,1073741824,237.8945531286784,237.8945531286784,0.0,ok,
128,512,1,32,1536,1536,0.30532799661159515,0.30532799661159515,1.0,67108864,219.79269750807867,219.79269750807867,0.0,ok,
128,512,2,32,1536,3072,0.30532799661159515,0.33668799698352814,0.9068573853154996,67108864,219.79269750807867,199.32063097361677,0.0001220703125,ok,
128,512,4,32,1536,6144,0.30532799661159515,0.3308800011873245,0.9227756150748339,67108864,219.79269750807867,202.81934163197423,0.0001220703125,ok,
128,512,8,32,1536,12288,0.30532799661159515,0.33455999195575714,0.9126255498355353,67108864,219.79269750807867,200.58843141314583,0.0001220703125,ok,
128,512,16,32,1536,24576,0.30532799661159515,0.34300799667835236,0.8901483334743046,67108864,219.79269750807867,195.64810339663816,0.0001220703125,ok,
128,512,auto(1),32,1536,1536,0.30532799661159515,0.30532799661159515,1.0,67108864,219.79269750807867,219.79269750807867,0.0,ok,
128,2048,1,128,1536,1536,1.1335999965667725,1.1335999965667725,1.0,268435456,236.79909740030448,236.79909740030448,0.0,ok,
128,2048,2,128,1536,3072,1.1335999965667725,1.1416319608688354,0.9929644889269302,268435456,236.79909740030448,235.13309472845174,6.103515625e-05,ok,
128,2048,4,128,1536,6144,1.1335999965667725,1.1145280003547668,1.0171121732302237,268435456,236.79909740030448,240.85124457577913,6.103515625e-05,ok,
128,2048,8,128,1536,12288,1.1335999965667725,1.114848017692566,1.0168202109853666,268435456,236.79909740030448,240.78210817972194,6.103515625e-05,ok,
128,2048,16,128,1536,24576,1.1335999965667725,1.1171200275421143,1.0147521919027067,268435456,236.79909740030448,240.2924031275415,6.103515625e-05,ok,
128,2048,auto(1),128,1536,1536,1.1335999965667725,1.1335999965667725,1.0,268435456,236.79909740030448,236.79909740030448,0.0,ok,
128,4096,1,256,1536,1536,2.2349120378494263,2.2349120378494263,1.0,536870912,240.22015314598744,240.22015314598744,0.0,ok,
128,4096,2,256,1536,3072,2.2349120378494263,2.222048044204712,1.0057892509022317,536870912,240.22015314598744,241.61084788432208,6.103515625e-05,ok,
128,4096,4,256,1536,6144,2.2349120378494263,2.1616480350494385,1.0338926604202299,536870912,240.22015314598744,248.36185322265996,3.0517578125e-05,ok,
128,4096,8,256,1536,12288,2.2349120378494263,2.15719997882843,1.0360245038863765,536870912,240.22015314598744,248.87396498658103,3.0517578125e-05,ok,
128,4096,16,256,1536,24576,2.2349120378494263,2.1520479917526245,1.0385047389344313,536870912,240.22015314598744,249.4697674296627,3.0517578125e-05,ok,
128,4096,auto(1),256,1536,1536,2.2349120378494263,2.2349120378494263,1.0,536870912,240.22015314598744,240.22015314598744,0.0,ok,
128,8192,1,512,1536,1536,4.437519788742065,4.437519788742065,1.0,1073741824,241.9689094624592,241.9689094624592,0.0,ok,
128,8192,2,512,1536,3072,4.437519788742065,4.375983953475952,1.014062171141472,1073741824,241.9689094624592,245.3715176782356,3.0517578125e-05,ok,
128,8192,4,512,1536,6144,4.437519788742065,4.257712125778198,1.042231052182985,1073741824,241.9689094624592,252.18751110462833,3.0517578125e-05,ok,
128,8192,8,512,1536,12288,4.437519788742065,4.2376320362091064,1.0471696812807216,1073741824,241.9689094624592,253.3825058016472,3.0517578125e-05,ok,
128,8192,16,512,1536,24576,4.437519788742065,4.218384027481079,1.0519477979798437,1073741824,241.9689094624592,254.5386614886181,3.0517578125e-05,ok,
128,8192,auto(1),512,1536,1536,4.437519788742065,4.437519788742065,1.0,1073741824,241.9689094624592,241.9689094624592,0.0,ok,
128,16384,1,1024,1536,1536,8.837167739868164,8.837167739868164,1.0,2147483648,243.005871475292,243.005871475292,0.0,ok,
128,16384,2,1024,1536,3072,8.837167739868164,8.672944068908691,1.0189351700708174,2147483648,243.005871475292,247.60722897988384,3.0517578125e-05,ok,
128,16384,4,1024,1536,6144,8.837167739868164,8.439599990844727,1.0471074161636473,2147483648,243.005871475292,254.45325019308845,3.0517578125e-05,ok,
128,16384,8,1024,1536,12288,8.837167739868164,8.40561580657959,1.051340906272539,2147483648,243.005871475292,255.48201314638166,3.0517578125e-05,ok,
128,16384,16,1024,1536,24576,8.837167739868164,8.352880001068115,1.057978534198758,2147483648,243.005871475292,257.09499570512116,3.0517578125e-05,ok,
128,16384,auto(1),1024,1536,1536,8.837167739868164,8.837167739868164,1.0,2147483648,243.005871475292,243.005871475292,0.0,ok,
192,512,1,32,2304,2304,0.44073599576950073,0.44073599576950073,1.0,100663296,228.3981725255897,228.3981725255897,0.0,ok,
192,512,2,32,2304,4608,0.44073599576950073,0.4598879963159561,0.9583550762362203,100663296,228.3981725255897,218.8865480429749,0.0001220703125,ok,
192,512,4,32,2304,9216,0.44073599576950073,0.4604000002145767,0.9572893040054056,100663296,228.3981725255897,218.64312761312829,0.0001220703125,ok,
192,512,8,32,2304,18432,0.44073599576950073,0.4670239984989166,0.9437116661800906,100663296,228.3981725255897,215.54201994661204,0.0001220703125,ok,
192,512,16,32,2304,36864,0.44073599576950073,0.47966399788856506,0.9188431854581088,100663296,228.3981725255897,209.86210439622354,0.0001220703125,ok,
192,512,auto(1),32,2304,2304,0.44073599576950073,0.44073599576950073,1.0,100663296,228.3981725255897,228.3981725255897,0.0,ok,
192,2048,1,128,2304,2304,1.6721439957618713,1.6721439957618713,1.0,402653184,240.80054410418222,240.80054410418222,0.0,ok,
192,2048,2,128,2304,4608,1.6721439957618713,1.6348479986190796,1.0228131282995696,402653184,240.80054410418222,246.2939578114371,6.103515625e-05,ok,
192,2048,4,128,2304,9216,1.6721439957618713,1.6280800104141235,1.0270649999176267,402653184,240.80054410418222,247.31781081052637,6.103515625e-05,ok,
192,2048,8,128,2304,18432,1.6721439957618713,1.6293280124664307,1.0262783079698157,402653184,240.80054410418222,247.12837496145113,6.103515625e-05,ok,
192,2048,16,128,2304,36864,1.6721439957618713,1.6395039558410645,1.0199084850051872,402653184,240.80054410418222,245.59451812572127,6.103515625e-05,ok,
192,2048,auto(1),128,2304,2304,1.6721439957618713,1.6721439957618713,1.0,402653184,240.80054410418222,240.80054410418222,0.0,ok,
192,4096,1,256,2304,2304,3.30731201171875,3.30731201171875,1.0,805306368,243.49271104346064,243.49271104346064,0.0,ok,
192,4096,2,256,2304,4608,3.30731201171875,3.197824001312256,1.034238285271974,805306368,243.49271104346064,251.82948394581294,6.103515625e-05,ok,
192,4096,4,256,2304,9216,3.30731201171875,3.185423970222473,1.0382643072431468,805306368,243.49271104346064,252.8097909502943,6.103515625e-05,ok,
192,4096,8,256,2304,18432,3.30731201171875,3.181135892868042,1.0396638569051981,805306368,243.49271104346064,253.15057109174722,6.103515625e-05,ok,
192,4096,16,256,2304,36864,3.30731201171875,3.1878079175949097,1.0374878591223282,805306368,243.49271104346064,252.62073149237162,6.103515625e-05,ok,
192,4096,auto(1),256,2304,2304,3.30731201171875,3.30731201171875,1.0,805306368,243.49271104346064,243.49271104346064,0.0,ok,
192,8192,1,512,2304,2304,6.578815937042236,6.578815937042236,1.0,1610612736,244.81802674116366,244.81802674116366,0.0,ok,
192,8192,2,512,2304,4608,6.578815937042236,6.322239875793457,1.0405830949615114,1610612736,244.81802674116366,254.75349996869014,3.0517578125e-05,ok,
192,8192,4,512,2304,9216,6.578815937042236,6.28935980796814,1.0460231466972802,1610612736,244.81802674116366,256.085322700011,3.0517578125e-05,ok,
192,8192,8,512,2304,18432,6.578815937042236,6.279023885726929,1.047745008901268,1610612736,244.81802674116366,256.5068656071114,3.0517578125e-05,ok,
192,8192,16,512,2304,36864,6.578815937042236,6.289999961853027,1.0459166894977412,1610612736,244.81802674116366,256.0592600584874,3.0517578125e-05,ok,
192,8192,auto(1),512,2304,2304,6.578815937042236,6.578815937042236,1.0,1610612736,244.81802674116366,244.81802674116366,0.0,ok,
192,16384,1,1024,2304,2304,13.118800163269043,13.118800163269043,1.0,3221225472,245.5426892635363,245.5426892635363,0.0,ok,
192,16384,2,1024,2304,4608,13.118800163269043,12.572991847991943,1.0434111722870696,3221225472,245.5426892635363,256.20198525098607,3.0517578125e-05,ok,
192,16384,4,1024,2304,9216,13.118800163269043,12.507263660430908,1.0488945079788192,3221225472,245.5426892635363,257.548378242873,3.0517578125e-05,ok,
192,16384,8,1024,2304,18432,13.118800163269043,12.4792160987854,1.0512519423832956,3221225472,245.5426892635363,258.1272290263105,3.0517578125e-05,ok,
192,16384,16,1024,2304,36864,13.118800163269043,12.469168186187744,1.052099062854963,3221225472,245.5426892635363,258.3352332650539,3.0517578125e-05,ok,
192,16384,auto(1),1024,2304,2304,13.118800163269043,13.118800163269043,1.0,3221225472,245.5426892635363,245.5426892635363,0.0,ok,
256,512,1,32,3072,3072,0.5738719999790192,0.5738719999790192,1.0,134217728,233.8809490703624,233.8809490703624,0.0,ok,
256,512,2,32,3072,6144,0.5738719999790192,0.5947200059890747,0.964944838243026,134217728,233.8809490703624,225.68221456882623,0.0001220703125,ok,
256,512,4,32,3072,12288,0.5738719999790192,0.595440000295639,0.9637780459728751,134217728,233.8809490703624,225.4093240853154,0.0001220703125,ok,
256,512,8,32,3072,24576,0.5738719999790192,0.6018719971179962,0.9534784850050306,134217728,233.8809490703624,223.00045299114785,0.0001220703125,ok,
256,512,16,32,3072,49152,0.5738719999790192,0.6192159950733185,0.926771925378106,134217728,233.8809490703624,216.75429747919856,0.0001220703125,ok,
256,512,auto(1),32,3072,3072,0.5738719999790192,0.5738719999790192,1.0,134217728,233.8809490703624,233.8809490703624,0.0,ok,
256,2048,1,128,3072,3072,2.1991039514541626,2.1991039514541626,1.0,536870912,244.13166628389385,244.13166628389385,0.0,ok,
256,2048,2,128,3072,6144,2.1991039514541626,2.1653279066085815,1.0155985819711169,536870912,244.13166628389385,247.9397740921686,6.103515625e-05,ok,
256,2048,4,128,3072,12288,2.1991039514541626,2.1580320596694946,1.0190321045512911,536870912,244.13166628389385,248.77800568088983,6.103515625e-05,ok,
256,2048,8,128,3072,24576,2.1991039514541626,2.1532639265060425,1.0212886234631264,536870912,244.13166628389385,249.32889340283734,6.103515625e-05,ok,
256,2048,16,128,3072,49152,2.1991039514541626,2.1637920141220093,1.016319469293578,536870912,244.13166628389385,248.1157655154039,6.103515625e-05,ok,
256,2048,auto(1),128,3072,3072,2.1991039514541626,2.1991039514541626,1.0,536870912,244.13166628389385,244.13166628389385,0.0,ok,
256,4096,1,256,3072,3072,4.36299204826355,4.36299204826355,1.0,1073741824,246.10217303223007,246.10217303223007,0.0,ok,
256,4096,2,256,3072,6144,4.36299204826355,4.259135961532593,1.0243843088525368,1073741824,246.10217303223007,252.1032044287284,6.103515625e-05,ok,
256,4096,4,256,3072,12288,4.36299204826355,4.24120020866394,1.0287163617861785,1073741824,246.10217303223007,253.16933206938825,6.103515625e-05,ok,
256,4096,8,256,3072,24576,4.36299204826355,4.219055891036987,1.0341157265852634,1073741824,246.10217303223007,254.4981274794368,6.103515625e-05,ok,
256,4096,16,256,3072,49152,4.36299204826355,4.225376129150391,1.0325689157383557,1073741824,246.10217303223007,254.11745396874304,6.103515625e-05,ok,
256,4096,auto(1),256,3072,3072,4.36299204826355,4.36299204826355,1.0,1073741824,246.10217303223007,246.10217303223007,0.0,ok,
256,8192,1,512,3072,3072,8.682975769042969,8.682975769042969,1.0,2147483648,247.3211609845013,247.3211609845013,0.0,ok,
256,8192,2,512,3072,6144,8.682975769042969,8.442095756530762,1.0285332006955576,2147483648,247.3211609845013,254.37802530713037,3.0517578125e-05,ok,
256,8192,4,512,3072,12288,8.682975769042969,8.406559944152832,1.0328809675689516,2147483648,247.3211609845013,255.45332005794816,3.0517578125e-05,ok,
256,8192,8,512,3072,24576,8.682975769042969,8.354223728179932,1.0393515964570248,2147483648,247.3211609845013,257.05364350684624,3.0517578125e-05,ok,
256,8192,16,512,3072,49152,8.682975769042969,8.342976093292236,1.040752804748427,2147483648,247.3211609845013,257.40019196825693,3.0517578125e-05,ok,
256,8192,auto(1),512,3072,3072,8.682975769042969,8.682975769042969,1.0,2147483648,247.3211609845013,247.3211609845013,0.0,ok,
256,16384,1,1024,3072,3072,17.33086395263672,17.33086395263672,1.0,4294967296,247.82188053276846,247.82188053276846,0.0,ok,
256,16384,2,1024,3072,6144,17.33086395263672,16.814208030700684,1.0307273420783591,4294967296,247.82188053276846,255.43678823040105,3.0517578125e-05,ok,
256,16384,4,1024,3072,12288,17.33086395263672,16.736336708068848,1.0355231407528531,4294967296,247.82188053276846,256.6252920765707,3.0517578125e-05,ok,
256,16384,8,1024,3072,24576,17.33086395263672,16.626272201538086,1.0423782157875083,4294967296,247.82188053276846,258.3241296628522,3.0517578125e-05,ok,
256,16384,16,1024,3072,49152,17.33086395263672,16.583696365356445,1.0450543455945753,4294967296,247.82188053276846,258.98733318418937,3.0517578125e-05,ok,
256,16384,auto(1),1024,3072,3072,17.33086395263672,17.33086395263672,1.0,4294967296,247.82188053276846,247.82188053276846,0.0,ok,
