execution_mode,prompt_length,request_count,request_rate,arrival_pattern,max_num_batched_tokens,request_throughput_rps,output_throughput_tok_s,total_throughput_tok_s,ttft_p50_ms,ttft_p95_ms,ttft_p99_ms,tpot_p50_ms,tpot_p95_ms,tpot_p99_ms,itl_p95_ms,itl_p99_ms,e2e_p95_ms,exact_fraction_vs_first_budget,min_matched_prefix_vs_first_budget,decode_only_iterations,prefill_only_iterations,mixed_iterations,mean_token_budget_utilization
fully-eager,128,1,0.0,burst,512,1.156590201783306,74.02177291413159,222.06531874239477,16.091697849333286,16.091697849333286,16.091697849333286,13.469092607025116,13.469092607025116,13.469092607025116,14.327362971380353,15.993232326582085,864.5972809754312,1.0,64,63,1,0,0.005828857421875
fully-eager,128,1,0.0,burst,1024,1.106872015978857,70.83980902264685,212.51942706794054,16.539984848350286,16.539984848350286,16.539984848350286,14.089900046764384,14.089900046764384,14.089900046764384,15.61349146068096,17.39356920123101,903.433064930141,1.0,64,63,1,0,0.0029144287109375
fully-eager,128,1,0.0,burst,2048,1.0875237944548435,69.60152284510998,208.80456853532996,16.838864888995886,16.838864888995886,16.838864888995886,14.328070317528077,14.328070317528077,14.328070317528077,15.45333513058722,17.396795032545935,919.5072948932648,1.0,64,63,1,0,0.00145721435546875
fully-eager,128,1,0.0,burst,4096,1.1502212815496637,73.61416201917848,220.84248605753544,16.180511098355055,16.180511098355055,16.180511098355055,13.535461728535001,13.535461728535001,13.535461728535001,14.41186722368002,14.988168096169833,869.3847730755806,1.0,64,63,1,0,0.000728607177734375
fully-eager,128,1,0.0,burst,8192,1.15355934146044,73.82779785346816,221.48339356040447,16.01441903039813,16.01441903039813,16.01441903039813,13.506126567898761,13.506126567898761,13.506126567898761,14.448901824653149,14.983981540426615,866.8653280474246,1.0,64,63,1,0,0.0003643035888671875
fully-eager,128,1,0.0,burst,16384,1.1588578681737856,74.16690356312228,222.50071068936683,16.08203025534749,16.08203025534749,16.08203025534749,13.439753122391208,13.439753122391208,13.439753122391208,13.535141525790095,14.312452357262377,862.9051218740642,1.0,64,63,1,0,0.00018215179443359375
fully-eager,128,1,20.0,poisson,512,1.1615290426114049,74.33785872712991,223.01357618138974,16.113358084112406,16.113358084112406,16.113358084112406,13.402555426139207,13.402555426139207,13.402555426139207,13.531554350629449,13.579415045678616,860.9206806868315,1.0,64,63,1,0,0.005828857421875
fully-eager,128,1,20.0,poisson,1024,1.1634034281118903,74.45781939916098,223.37345819748296,16.169435810297728,16.169435810297728,16.169435810297728,13.382885205958571,13.382885205958571,13.382885205958571,13.483680691570044,13.533806344494224,859.5335530117154,1.0,64,63,1,0,0.0029144287109375
fully-eager,128,1,20.0,poisson,2048,1.1597327872793477,74.22289838587825,222.66869515763477,16.15043915808201,16.15043915808201,16.15043915808201,13.430230216019684,13.430230216019684,13.430230216019684,13.53993029333651,13.574904277920723,862.2549427673221,1.0,64,63,1,0,0.00145721435546875
fully-eager,128,1,20.0,poisson,4096,1.1622244686774617,74.38236599535755,223.14709798607262,16.13415591418743,16.13415591418743,16.13415591418743,13.392218396008488,13.392218396008488,13.392218396008488,13.474302319809794,13.59446761198342,860.4056229814887,1.0,64,63,1,0,0.000728607177734375
fully-eager,128,1,20.0,poisson,8192,1.1649255981931985,74.5552382843647,223.66571485309413,16.100753098726273,16.100753098726273,16.100753098726273,13.36999216102182,13.36999216102182,13.36999216102182,13.486589584499598,13.575304644182324,858.4102592431009,1.0,64,63,1,0,0.0003643035888671875
fully-eager,128,1,20.0,poisson,16384,1.1662189150235749,74.63801056150879,223.9140316845264,16.021078918129206,16.021078918129206,16.021078918129206,13.357677504361149,13.357677504361149,13.357677504361149,13.486372353509068,13.879966130480174,857.4585258029401,1.0,64,63,1,0,0.00018215179443359375
fully-eager,128,4,0.0,burst,512,4.2949485807615595,274.8767091687398,824.6301275062194,16.83071767911315,16.83071767911315,16.83071767911315,14.521826701682238,14.52182670168224,14.521826701682238,14.828060287982225,15.2426827698946,931.3098541460931,1.0,64,63,1,0,0.0233154296875
fully-eager,128,4,0.0,burst,1024,4.308579965726857,275.7491178065188,827.2473534195564,16.399960964918137,16.399960964918137,16.399960964918137,14.475620322165982,14.475620322165982,14.475620322165982,14.632921200245619,14.761250000447035,928.364041261375,1.0,64,63,1,0,0.01165771484375
fully-eager,128,4,0.0,burst,2048,4.305730865354755,275.5667753827043,826.7003261481129,16.406521666795015,16.406521666795015,16.406521666795015,14.481812138997373,14.481812138997373,14.481812138997373,14.59979871287942,14.738110359758139,928.9675401523709,1.0,64,63,1,0,0.005828857421875
fully-eager,128,4,0.0,burst,4096,4.300679587648703,275.243493609517,825.7304808285509,16.418294049799442,16.418294049799442,16.418294049799442,14.50225090726264,14.50225090726264,14.50225090726264,14.606514014303684,14.774123206734657,930.0690842792392,1.0,64,63,1,0,0.0029144287109375
fully-eager,128,4,0.0,burst,8192,4.299861639310115,275.19114491584736,825.573434747542,16.33287826552987,16.33287826552987,16.33287826552987,14.506396046647478,14.506396046647478,14.506396046647478,14.700135216116905,15.516485087573528,930.2358292043209,1.0,64,63,1,0,0.00145721435546875
fully-eager,128,4,0.0,burst,16384,4.296742106145993,274.9914947933436,824.9744843800307,16.483259852975607,16.483259852975607,16.483259852975607,14.506711232815944,14.506711232815944,14.506711232815944,14.65414883568883,15.557888895273209,930.9218879789114,1.0,64,63,1,0,0.000728607177734375
fully-eager,128,4,20.0,poisson,512,3.4747714769506826,222.38537452484368,667.1561235745311,21.99474047097511,31.429915926616644,32.64928511616286,14.616497204683366,14.661945671301396,14.662230736723851,14.714853838086128,20.05176161415875,944.3992145673869,1.0,64,75,1,3,0.018888449367088608
fully-eager,128,4,20.0,poisson,1024,3.4588914470661845,221.3690526122358,664.1071578367074,23.725994312062785,26.169611267019928,26.298856434885572,14.854727682494929,14.926408498828845,14.930318971534097,16.013849060982466,20.095396786928177,962.8320187644599,1.0,64,75,1,3,0.009444224683544304
fully-eager,128,4,20.0,poisson,2048,3.462039849177677,221.57055034737132,664.711651042114,22.154086271032163,31.422828538540756,32.61778666444566,14.673809990257261,14.741500000661564,14.749180245405388,15.070062130689621,19.957736474461854,950.0543190015046,1.0,64,74,1,3,0.004782652243589744
fully-eager,128,4,20.0,poisson,4096,3.5107952349883407,224.6908950392538,674.0726851177615,20.06379189129121,28.301366656284785,29.4203785368472,14.469921603680604,14.514038692568503,14.514639447073616,15.42344270274043,19.70403044950217,933.5265506517993,1.0,64,75,1,3,0.002361056170886076
fully-eager,128,4,20.0,poisson,8192,3.4937105337346024,223.59747415901455,670.7924224770437,21.309213714405367,29.777178033452486,30.869652138021554,14.533469109751639,14.580307023910184,14.580642366560088,15.423772647045553,19.67033464461565,939.093877397749,1.0,64,75,1,3,0.001180528085443038
fully-eager,128,4,20.0,poisson,16384,3.5052338863594645,224.33496872700573,673.0049061810172,20.851385082780787,29.52937961575762,30.775033950735594,14.486103056235208,14.532017465015606,14.533413234610288,15.318746212869883,19.85230475664139,934.6908461063089,1.0,64,75,1,3,0.000590264042721519
fully-eager,128,16,0.0,burst,512,15.277356559141218,977.750819785038,2933.252459355114,56.57803127542138,81.81938657071441,93.7861668644473,15.28717302495525,15.449837633659916,15.449837633659914,17.94709824025631,20.249121771194037,1037.366761942394,1.0,64,63,1,4,0.08777573529411764
fully-eager,128,16,0.0,burst,1024,15.693396218279988,1004.3773579699192,3013.1320739097578,26.756453095003963,41.94979858584702,53.75658401753753,15.413854300739274,15.460779823895011,15.460779823895011,16.243224032223225,19.580774940550327,1009.4867453444749,1.0,64,63,1,2,0.04521780303030303
fully-eager,128,16,0.0,burst,2048,16.410895813919137,1050.2973320908247,3150.8919962724744,16.736031975597143,16.736031975597143,16.736031975597143,15.209938525148328,15.209938525148328,15.209938525148328,16.077294014394283,16.448231413960457,974.9343297444284,1.0,64,63,1,0,0.0233154296875
fully-eager,128,16,0.0,burst,4096,16.45266498650383,1052.9705591362451,3158.9116774087356,16.759577207267284,16.759577207267284,16.759577207267284,15.171561456684556,15.171561456684556,15.171561456684557,15.408985782414675,16.24102285131812,972.4492230452597,1.0,64,63,1,0,0.01165771484375
fully-eager,128,16,0.0,burst,8192,16.427687792690282,1051.372018732178,3154.116056196534,16.77887188270688,16.77887188270688,16.77887188270688,15.19285755172845,15.19285755172845,15.19285755172845,15.33544110134244,15.906560700386763,973.9288976415992,1.0,64,63,1,0,0.005828857421875
fully-eager,128,16,0.0,burst,16384,15.686470114761697,1003.9340873447486,3011.802262034246,16.893877647817135,16.893877647817135,16.893877647817135,15.92188553943757,15.92188553943757,15.92188553943757,18.365297000855207,19.189768005162477,1019.9550623074174,1.0,64,63,1,0,0.0029144287109375
fully-eager,128,16,20.0,poisson,512,10.570509007580325,676.5125764851408,2029.5377294554223,30.751791667395167,34.31461820267648,36.765010249354084,15.546665741278538,15.997892550547563,16.028915389647914,20.121239125728607,20.92985063791275,1033.1619483303502,1.0,64,83,1,13,0.06153350515463918
fully-eager,128,16,20.0,poisson,1024,10.510620722953895,672.6797262690493,2018.0391788071481,29.429347349273442,38.66388166792413,38.88583715666067,15.675968002705346,16.1328030166231,16.187684463396195,20.09665872901678,20.84403019398451,1043.4891521116942,1.0,64,78,1,13,0.032438858695652176
fully-eager,128,16,20.0,poisson,2048,10.496701722410302,671.7889102342593,2015.366730702778,31.780738834613658,39.151255116182014,40.5619661951625,15.717708653519077,16.808623058115327,16.87110742768421,20.60931408777833,28.083529560826495,1090.4805820567094,1.0,64,82,1,14,0.015383376288659795
fully-eager,128,16,20.0,poisson,4096,10.48450187897222,671.008120254222,2013.0243607626662,27.92450297676229,36.041671277524514,38.68145284310957,15.720405915219867,16.170424887807002,16.194294184254154,20.205382257699966,20.571409724652767,1044.5723775853403,1.0,64,83,1,13,0.007691688144329897
fully-eager,128,16,20.0,poisson,8192,10.549711418245447,675.1815307677086,2025.544592303126,26.776991203629308,35.82891954330311,38.518008512998655,15.935212950266543,16.473641977571543,16.51622842302516,20.26570129673928,24.048421066254377,1064.0758882627115,1.0,64,82,1,13,0.0038859049479166665
fully-eager,128,16,20.0,poisson,16384,10.509591701911406,672.61386892233,2017.84160676699,24.2200580602224,35.1422798562567,37.80152055502912,15.779443070410736,16.21967029484314,16.252664610048726,20.297136157751083,20.64057858660817,1048.0746642067097,1.0,64,82,1,14,0.0019229220360824743
fully-eager,512,1,0.0,burst,512,1.1578230914720855,74.10067785421347,666.9061006879213,16.32822025567293,16.32822025567293,16.32822025567293,13.450429013501557,13.450429013501557,13.450429013501557,14.297023322433233,14.480407973751426,863.676467910409,1.0,64,63,1,0,0.017547607421875
fully-eager,512,1,0.0,burst,1024,1.1451427916855168,73.28913866787308,659.6022480108577,16.3850667886436,16.3850667886436,16.3850667886436,13.60187338783391,13.60187338783391,13.60187338783391,14.484590804204345,14.857305111363534,873.2393593527377,1.0,64,63,1,0,0.0087738037109375
fully-eager,512,1,0.0,burst,2048,1.1678934702843724,74.74518209819983,672.7066388837985,16.437076032161713,16.437076032161713,16.437076032161713,13.334577444881674,13.334577444881674,13.334577444881674,14.259281056001782,14.432446546852589,856.2289620749652,1.0,64,63,1,0,0.00438690185546875
fully-eager,512,1,0.0,burst,4096,1.175510645425272,75.2326813072174,677.0941317649566,16.072636004537344,16.072636004537344,16.072636004537344,13.247948317300706,13.247948317300706,13.247948317300706,14.14461168460548,14.310192363336682,850.6742790341377,1.0,64,63,1,0,0.002193450927734375
fully-eager,512,1,0.0,burst,8192,1.1216472044918235,71.7854210874767,646.0687897872904,16.088685020804405,16.088685020804405,16.088685020804405,13.896289414593152,13.896289414593152,13.896289414593152,16.718170838430524,17.071822667494416,891.5317072533071,1.0,64,63,1,0,0.0010967254638671875
fully-eager,512,1,0.0,burst,16384,1.168091712782499,74.75786961807994,672.8208265627194,16.079450957477093,16.079450957477093,16.079450957477093,13.333787254634357,13.333787254634357,13.333787254634357,13.909117691218853,14.939926238730553,856.0838978737593,1.0,64,63,1,0,0.0005483627319335938
fully-eager,512,1,20.0,poisson,512,1.1732226659048748,75.08625061791199,675.7762555612079,16.02026494219899,16.02026494219899,16.02026494219899,13.27533232018588,13.27533232018588,13.27533232018588,14.053380768746138,14.340489245951176,852.3397082462907,1.0,64,63,1,0,0.017547607421875
fully-eager,512,1,20.0,poisson,1024,1.1745541746870116,75.17146717996874,676.5432046197187,15.973876230418682,15.973876230418682,15.973876230418682,13.261213447780364,13.261213447780364,13.261213447780364,14.143254840746522,14.296577339991927,851.3738359324634,1.0,64,63,1,0,0.0087738037109375
fully-eager,512,1,20.0,poisson,2048,1.1753567924374748,75.22283471599839,677.0055124439855,15.931220259517431,15.931220259517431,15.931220259517431,13.251772571709894,13.251772571709894,13.251772571709894,14.111394854262471,14.293193574994802,850.7928922772408,1.0,64,63,1,0,0.00438690185546875
fully-eager,512,1,20.0,poisson,4096,1.1266135169503266,72.1032650848209,648.9293857633882,16.398258041590452,16.398258041590452,16.398258041590452,13.816678157401464,13.816678157401464,13.816678157401464,15.010021068155766,15.711857061833147,887.6018039882183,1.0,64,63,1,0,0.002193450927734375
fully-eager,512,1,20.0,poisson,8192,1.1613759621864226,74.32806157993105,668.9525542193794,16.21132902801037,16.21132902801037,16.21132902801037,13.413584473291559,13.413584473291559,13.413584473291559,14.037121273577213,15.219466425478458,861.0346047207713,1.0,64,63,1,0,0.0010967254638671875
fully-eager,512,1,20.0,poisson,16384,1.1692739761922724,74.83353447630543,673.5018102867489,16.204452142119408,16.204452142119408,16.204452142119408,13.319872253175292,13.319872253175292,13.319872253175292,14.243812579661608,14.361430555582047,855.21897720173,1.0,64,63,1,0,0.0005483627319335938
fully-eager,512,4,0.0,burst,512,3.913807183724676,250.48365975837928,2254.3529378254134,66.4146188646555,92.72766539361328,94.97032287996262,14.815999963690363,15.02488730401392,15.043990129664069,16.100430861115456,19.894448136910796,1020.0038611423224,1.0,64,63,1,4,0.06606158088235294
fully-eager,512,4,0.0,burst,1024,4.1385922534854345,264.8699042230678,2383.8291380076107,26.402091840282083,52.90050806943327,55.20338751841337,14.597086409579903,14.645587216826184,14.645587216826184,15.402737422846258,18.97020684555173,964.4951755646616,1.0,64,63,1,2,0.03403172348484849
fully-eager,512,4,0.0,burst,2048,4.311629411082322,275.9442823092686,2483.4985407834174,16.665049828588963,16.665049828588963,16.665049828588963,14.460797000321604,14.460797000321602,14.460797000321604,14.575634151697159,15.347262844443321,927.69526084885,1.0,64,63,1,0,0.017547607421875
fully-eager,512,4,0.0,burst,4096,4.316733038835388,276.27091448546486,2486.4382303691837,16.729034017771482,16.729034017771482,16.729034017771482,14.442515396882618,14.442515396882618,14.442515396882618,14.642844907939434,15.461304690688848,926.6075040213764,1.0,64,63,1,0,0.0087738037109375
fully-eager,512,4,0.0,burst,8192,4.305599325541727,275.5583568346705,2480.0252115120347,16.899688635021448,16.899688635021448,16.899688635021448,14.477871240131439,14.477871240131439,14.477871240131439,14.637108892202377,15.43016405776143,929.0055767633021,1.0,64,63,1,0,0.00438690185546875
fully-eager,512,4,0.0,burst,16384,4.30816218219186,275.72237966027905,2481.5014169425112,16.62742905318737,16.62742905318737,16.62742905318737,14.472973917330068,14.472973917330068,14.472973917330068,14.693588018417358,16.006167978048325,928.453175816685,1.0,64,63,1,0,0.002193450927734375
fully-eager,512,4,20.0,poisson,512,3.657194110265173,234.06042305697108,2106.5438075127395,52.60406051797885,62.87660387164985,64.25284719415392,14.8490113243165,15.03074496230554,15.05163769415092,18.871464766561985,20.754739176481962,998.1176961241949,1.0,64,67,1,5,0.06153681506849315
fully-eager,512,4,20.0,poisson,1024,3.7786167296513717,241.8314706976878,2176.4832362791904,28.597220676374615,41.71187922178839,43.08981647104407,14.654761265283302,14.768641028508899,14.776834159690354,15.396869275718927,20.30182583257556,963.821495257384,1.0,64,68,1,3,0.031195746527777776
fully-eager,512,4,20.0,poisson,2048,3.7593609136516433,240.59909847370517,2165.391886263347,27.268407121206174,33.64584294789562,34.01451365834114,14.625745145456186,14.681043594499075,14.688850434363953,14.938789885491133,20.335051231086254,951.3167633644549,1.0,64,69,1,2,0.015597873263888888
fully-eager,512,4,20.0,poisson,4096,3.751275485737408,240.08163108719413,2160.734679784747,27.286988403553615,34.09922518943528,34.521061026472715,14.640200232702588,14.691542437122692,14.698073614300007,15.130758751183748,20.485857254825532,952.2460151433257,1.0,64,70,1,2,0.007692101883561644
fully-eager,512,4,20.0,poisson,8192,3.7154636575898263,237.78967408574889,2140.10706677174,24.173716816836897,32.42891253598617,33.32939667753215,14.957077172954405,15.038707197481205,15.050231436237931,17.18039996922016,20.20791918039322,973.608148467472,1.0,64,69,1,2,0.003899468315972222
fully-eager,512,4,20.0,poisson,16384,3.7862751105919767,242.3216070778865,2180.8944637009786,22.8895353063764,32.85634256594466,33.75682670749064,14.720762266762673,14.809065168013884,14.821531459955231,15.727393794804811,20.365819232538342,960.264365371993,1.0,64,69,1,2,0.001949734157986111
fully-eager,512,16,0.0,burst,512,12.460645436422384,797.4813079310326,7177.331771379293,187.44969554245472,325.5480316001922,337.88725421763957,15.671245413758452,16.28037710444972,16.37844783290925,20.511959213763475,20.734916906803846,1274.0615862421691,1.0,64,63,1,16,0.224609375
fully-eager,512,16,0.0,burst,1024,14.249916139268526,911.9946329131857,8207.951696218672,97.49760804697871,163.7202634010464,175.73704412207007,15.36218992005738,15.727609270326202,15.727609270326202,20.030914805829525,21.101663820445538,1112.8515708260238,1.0,64,63,1,8,0.1247829861111111
fully-eager,512,16,0.0,burst,2048,14.922408598936835,955.0341503319574,8595.307352987616,60.2340092882514,86.2974525662139,98.63526115659623,15.598996948923856,15.809664791006417,15.809664791006417,17.031139694154263,21.24273382592945,1062.0576451765373,1.0,64,63,1,4,0.06606158088235294
fully-eager,512,16,0.0,burst,4096,15.573892037892497,996.7290904251198,8970.561813826078,39.74829753860831,59.154251241125166,70.8904604660347,15.350120086666374,15.463366269296596,15.463366269296596,16.155666671693325,19.653500989079475,1017.3022139351815,1.0,64,63,1,2,0.03403172348484849
fully-eager,512,16,0.0,burst,8192,15.901569019577243,1017.7004172529436,9159.303755276493,48.284657299518585,48.284657299518585,48.284657299518585,15.206724161370879,15.206724161370879,15.206724161370879,16.048519872128963,16.25007577240467,1006.1653512530029,1.0,64,63,1,0,0.017547607421875
fully-eager,512,16,0.0,burst,16384,15.924567622265164,1019.1723278249705,9172.550950424735,48.10994118452072,48.10994118452072,48.10994118452072,15.18478330283884,15.18478330283884,15.18478330283884,16.091105062514544,16.195563599467278,1004.7075618058443,1.0,64,63,1,0,0.0087738037109375
fully-eager,512,16,20.0,poisson,512,9.335612974427988,597.4792303633913,5377.313073270521,49.44657175458675,62.43472373799603,63.17250483028113,16.10181189792615,16.827481564149142,16.870864489973183,20.40888974443078,21.13151317462325,1109.244956215478,1.0,64,83,1,23,0.1679322429906542
fully-eager,512,16,20.0,poisson,1024,9.474092983977439,606.3419509745561,5457.077558771005,33.45875542765907,42.84298476722819,42.995524873240065,15.755917584996611,16.2225152303036,16.244562026039358,20.47717198729515,21.189899183809757,1055.2361568990796,1.0,64,92,1,15,0.08318865740740741
fully-eager,512,16,20.0,poisson,2048,9.457289621373732,605.2665357679189,5447.39882191127,29.867109824613927,37.35688627290701,39.35525836257867,15.844985144212842,16.179151949472725,16.208815952718613,20.433791913092136,20.83735167980194,1050.1874451645442,1.0,64,93,1,14,0.041594328703703706
fully-eager,512,16,20.0,poisson,4096,9.417038175465656,602.690443229802,5424.213989068218,28.962212457940495,37.2683837363792,38.73008184435449,15.82714519833052,16.210377720805504,16.22772920499778,20.569478161633015,21.45675476640463,1051.5065096904316,1.0,64,94,1,14,0.02060636467889908
fully-eager,512,16,20.0,poisson,8192,9.454219506714907,605.070048429754,5445.630435867786,28.617864259470124,36.07294634509062,38.435523303436554,15.690025119554429,16.098380931431336,16.12266909685873,20.404834765940905,20.70566825568676,1042.7786300530795,1.0,64,94,1,14,0.01030318233944954
fully-eager,512,16,20.0,poisson,16384,9.44505105939196,604.4832678010854,5440.349410209768,29.476134425404567,37.869449547148996,39.24243484924219,15.741426800747238,16.14167184258501,16.159301264477627,20.42802795767784,20.615742076188326,1044.698710563979,1.0,64,94,1,14,0.00515159116972477
fully-eager,2048,1,0.0,burst,512,1.102036994108157,70.53036762292204,2327.5021315564277,63.85013507679105,63.85013507679105,63.85013507679105,13.39194727026754,13.39194727026754,13.39194727026754,13.48167760297656,13.50387902930379,907.3974317871034,1.0,64,63,4,0,0.06153801305970149
fully-eager,2048,1,0.0,burst,1024,1.14580115371642,73.33127383785089,2419.9320366490792,32.347734086215496,32.347734086215496,32.347734086215496,13.339804677617929,13.339804677617929,13.339804677617929,13.440338149666786,13.526823269203305,872.7389690466225,1.0,64,63,2,0,0.031715745192307694
fully-eager,2048,1,0.0,burst,2048,1.1636529486631852,74.47378871444386,2457.635027576647,16.891997307538986,16.891997307538986,16.891997307538986,13.371543382250128,13.371543382250128,13.371543382250128,13.469992764294147,13.522351859137416,859.3500419519842,1.0,64,63,1,0,0.01610565185546875
fully-eager,2048,1,0.0,burst,4096,1.1683247047802974,74.77278110593903,2467.501776495988,16.874296125024557,16.874296125024557,16.874296125024557,13.318081844657186,13.318081844657186,13.318081844657186,13.435274362564087,13.497401308268309,855.9134523384273,1.0,64,63,1,0,0.008052825927734375
fully-eager,2048,1,0.0,burst,8192,1.1465630458933007,73.38003493717125,2421.541152926651,17.038927879184484,17.038927879184484,17.038927879184484,13.56908039648145,13.56908039648145,13.56908039648145,13.931708689779043,14.038027878850698,872.1587439067662,1.0,64,63,1,0,0.0040264129638671875
fully-eager,2048,1,0.0,burst,16384,1.1630278834139933,74.43378453849557,2456.3148897703536,16.899720765650272,16.899720765650272,16.899720765650272,13.380123302340508,13.380123302340508,13.380123302340508,13.486110139638186,13.536570090800524,859.8114061169326,1.0,64,63,1,0,0.0020132064819335938
fully-eager,2048,1,20.0,poisson,512,1.102848603010421,70.58231059266694,2329.216249558009,64.31216700002551,64.31216700002551,64.31216700002551,13.370041809384785,13.370041809384785,13.370041809384785,13.476336328312755,13.594344975426793,906.7296986468136,1.0,64,63,4,0,0.06153801305970149
fully-eager,2048,1,20.0,poisson,1024,1.1386479233494409,72.87346709436422,2404.824414114019,32.634531147778034,32.634531147778034,32.634531147778034,13.423789972587237,13.423789972587237,13.423789972587237,13.552166195586324,13.650470385327935,878.2198810949922,1.0,64,63,2,0,0.031715745192307694
fully-eager,2048,1,20.0,poisson,2048,1.1620263400028523,74.36968576018255,2454.199630086024,16.96317782625556,16.96317782625556,16.96317782625556,13.391345480663908,13.391345480663908,13.391345480663908,13.524827593937516,14.175948137417436,860.5524841696024,1.0,64,63,1,0,0.01610565185546875
fully-eager,2048,1,20.0,poisson,4096,1.1607907931628265,74.2906107624209,2451.5901551598895,16.926306765526533,16.926306765526533,16.926306765526533,13.405424350547412,13.405424350547412,13.405424350547412,13.516934541985393,13.59764807857573,861.4680408500135,1.0,64,63,1,0,0.008052825927734375
fully-eager,2048,1,20.0,poisson,8192,1.1575755747470906,74.0848367838138,2444.7996138658555,16.86935592442751,16.86935592442751,16.86935592442751,13.444312315966402,13.444312315966402,13.444312315966402,13.538806838914752,13.601323338225484,863.8610318303108,1.0,64,63,1,0,0.0040264129638671875
fully-eager,2048,1,20.0,poisson,16384,1.1545453216684827,73.89090058678289,2438.3997193638356,16.93286094814539,16.93286094814539,16.93286094814539,13.481248650581591,13.481248650581591,13.481248650581591,13.568524038419127,13.58551774173975,866.1294369958341,1.0,64,63,1,0,0.0020132064819335938
fully-eager,2048,4,0.0,burst,512,3.229525609968596,206.68963903799013,6820.758088253675,204.01208149269223,311.06037476565695,320.5535356281325,15.101206451950091,15.641450531233753,15.693147150163968,19.886533939279616,20.031698737293482,1230.3318767808378,1.0,64,63,4,13,0.20615234375
fully-eager,2048,4,0.0,burst,1024,3.6353301217995653,232.66112779517218,7677.817217240682,114.64854027144611,168.31607613712552,173.1554074306041,14.98325609616817,15.300467390094012,15.332232791457384,17.682893178425694,20.49040059093386,1096.2143562501296,0.75,18,63,2,7,0.1145290798611111
fully-eager,2048,4,0.0,burst,2048,3.861209463635026,247.11740567264167,8154.874387197176,79.4546187389642,108.37531730066985,110.68590821232648,14.845057786072767,15.213911139982796,15.253921515263974,15.587413217872381,24.834044664166875,1033.8902624789625,1.0,64,63,1,4,0.06063304227941176
fully-eager,2048,4,0.0,burst,4096,3.9731287238050923,254.2802383235259,8391.247864676356,46.45870649255812,81.11362254712732,83.41563810128719,14.912153875070905,15.087746845055669,15.087746845055667,15.497132157906886,19.16899997740984,1004.7176464926451,1.0,64,63,1,2,0.031235203598484848
fully-eager,2048,4,0.0,burst,8192,4.110966670338536,263.1018669016663,8682.361607754989,53.496209904551506,53.496209904551506,53.496209904551506,14.59470906457494,14.59470906457494,14.59470906457494,14.996507205069065,15.592038165777922,972.9900709353387,1.0,64,63,1,0,0.01610565185546875
fully-eager,2048,4,0.0,burst,16384,4.105120713523012,262.72772566547275,8670.0149469606,53.44943515956402,53.44943515956402,53.44943515956402,14.61760825403626,14.61760825403626,14.61760825403626,15.066753141582012,15.758411027491093,974.3758169934154,1.0,64,63,1,0,0.008052825927734375
fully-eager,2048,4,20.0,poisson,512,3.2273926425418065,206.5531291226756,6816.253261048295,160.4771661800105,248.32172283592615,255.4941836787229,15.093215593388155,15.660661316683724,15.714875490345534,20.057622343301773,20.416588094085455,1164.157117080567,1.0,64,63,4,13,0.20615234375
fully-eager,2048,4,20.0,poisson,1024,3.63871221412216,232.87758170381824,7684.960196226001,79.75516852408238,113.89377030233831,116.30143803971157,14.777464869742591,15.087006192299581,15.117725627940324,16.799489781260437,20.363895688205957,1028.0721023368367,1.0,64,64,2,7,0.11296018835616438
fully-eager,2048,4,20.0,poisson,2048,3.745842942065987,239.73394829222318,7911.220293643364,72.45203991493234,82.06884053428028,82.13003538635571,14.716965419846396,15.038143101310919,15.071613571591794,14.729177113622427,24.922257373109467,1002.912958342436,1.0,64,66,1,4,0.058071082746478875
fully-eager,2048,4,20.0,poisson,4096,3.858116563542116,246.91946006669542,8148.3421822009495,50.02819699307928,66.4277526741931,68.69503702901609,14.639314936680925,14.98537856405453,15.022305653149646,14.72335634753108,19.929892593063514,984.9782871740022,1.0,64,65,1,3,0.029877151268115944
fully-eager,2048,4,20.0,poisson,8192,3.844938005522305,246.0760323534275,8120.509067663108,47.467489247449215,52.03647814992221,52.15182127118688,14.8151230384847,15.131319253631528,15.160881720690265,14.899134170264006,24.81396496295929,981.5752255528628,1.0,64,66,1,2,0.014938575634057972
fully-eager,2048,4,20.0,poisson,16384,3.836843252528226,245.55796816180646,8103.412949339613,48.37607265008288,51.857746497945506,51.97496951245349,14.804084319621325,15.093667861369866,15.134550243734367,15.784263145178556,24.983705021440983,983.8373056411206,1.0,64,66,1,2,0.007469287817028986
fully-eager,2048,16,0.0,burst,512,7.112833095573484,455.221318116703,15022.303497851199,696.0873915813863,1249.087842181325,1298.5236644744873,17.714311564636844,19.91628464828763,20.164589056863434,21.03846985846758,21.502451971173286,2209.034394705668,1.0,64,63,4,61,0.515380859375
fully-eager,2048,16,0.0,burst,1024,9.841614754166697,629.8633442666686,20785.490360800064,361.79487500339746,640.8090747427195,665.6317462678999,16.52500691587135,17.718970838431567,17.865536096579735,20.72813594713807,21.73923933878541,1605.49915547017,1.0,64,63,2,31,0.3435872395833333
fully-eager,2048,16,0.0,burst,2048,11.622924320948597,743.8671565407102,24547.616165843436,230.5247001349926,402.8775050537661,415.30701390001923,16.444943486786787,17.581407997077182,17.76635057499839,25.631140917539597,26.031681802123785,1366.4591955021024,1.0,64,63,1,16,0.20615234375
fully-eager,2048,16,0.0,burst,4096,12.479396895647207,798.6814013214213,26356.4862436069,177.46688425540924,296.2499203858897,308.48522891756147,16.601662824137343,18.007994459439363,18.007994459439363,20.527516957372427,38.05547719821334,1271.9108163146302,1.0,64,63,1,8,0.1145290798611111
fully-eager,2048,16,0.0,burst,8192,12.88096099340671,824.3815035780294,27204.58961807497,183.87174792587757,254.33427665848285,266.5686939144507,16.34827782473867,17.910825509932778,17.910825509932778,16.542688943445683,65.21605527959764,1231.9844601443037,1.0,64,63,1,4,0.06063304227941176
fully-eager,2048,16,0.0,burst,16384,13.297495008994348,851.0396805756383,28084.30945899606,159.77309574373066,224.3044626666233,236.19933181907982,16.224676828151424,17.04448452662854,17.04448452662854,16.070906072854996,19.8830203153193,1193.1023821234703,1.0,64,63,1,2,0.031235203598484848
fully-eager,2048,16,20.0,poisson,512,7.126461499594362,456.0935359740392,15051.086687143294,260.117539675631,412.7506146365083,457.45113301600594,17.68779534003919,19.962505540914005,20.19492077922064,20.816107746213675,22.009502165019512,1465.3292924175407,1.0,64,63,4,61,0.515380859375
fully-eager,2048,16,20.0,poisson,1024,8.37196794314856,535.8059483615078,17681.596295929758,83.83432431654231,127.36117305977787,136.39270757714908,16.589475832583886,17.91093900748011,18.07598734148852,21.04897517710924,21.710298024117947,1231.648864877447,1.0,64,77,2,35,0.28933662280701755
fully-eager,2048,16,20.0,poisson,2048,8.629088208206829,552.261645325237,18224.634295732823,57.87822070188514,70.1775795219822,71.44270989968132,16.545009429729177,17.835661512060415,18.022337711475316,25.536783202551298,26.19130164384842,1177.9708599496958,1.0,64,87,1,23,0.14857826576576577
fully-eager,2048,16,20.0,poisson,4096,8.651174927027489,553.6751953297593,18271.281445882058,37.40692725691644,59.62794447717748,61.66249379976354,16.56050320773844,17.605398426808062,17.699773387894744,25.636962638236582,37.97584306448698,1141.3113123916266,1.0,64,96,1,15,0.07362583705357142
fully-eager,2048,16,20.0,poisson,8192,8.737778569959337,559.2178284773976,18454.18833975412,31.290857345746574,50.231902877654385,54.98713542502797,16.3977145446494,17.379565334450156,17.472380800320515,25.725217070430517,26.13042900338769,1127.2087282559228,1.0,64,97,1,14,0.03681291852678571
fully-eager,2048,16,20.0,poisson,16384,8.71993836771691,558.0760555338823,18416.509832618114,32.48511386423078,50.54313458394582,54.931205150489276,16.407001674884842,17.403075000315553,17.4957768315272,25.66974377259612,26.13330213353038,1128.297715942594,1.0,64,97,1,14,0.018406459263392856
fully-eager,8192,1,0.0,burst,512,0.4619508537282795,29.564854638609887,3813.8662483806756,264.03645193204284,264.03645193204284,264.03645193204284,30.169490347838117,30.169490347838117,30.169490347838117,30.25639047846198,30.2747140545398,2164.7143438458443,1.0,64,63,16,0,0.20408920094936708
fully-eager,8192,1,0.0,burst,1024,0.48981059793435705,31.34787826779885,4043.876296546052,139.77895211428404,139.77895211428404,139.77895211428404,30.1894840769588,30.1894840769588,30.1894840769588,30.283400882035494,30.323967738077044,2041.5925118140876,1.0,64,63,8,0,0.11354258362676056
fully-eager,8192,1,0.0,burst,2048,0.5028011924470027,32.179276316608174,4151.126644842455,88.05506629869342,88.05506629869342,88.05506629869342,30.16978185180397,30.16978185180397,30.16978185180397,30.260303895920515,30.272352257743478,1988.8442819938064,1.0,64,63,4,0,0.060160622667910446
fully-eager,8192,1,0.0,burst,4096,0.5051313990425269,32.32840953872172,4170.364830495102,78.14715802669525,78.14715802669525,78.14715802669525,30.183480764251378,30.183480764251378,30.183480764251378,30.27476780116558,30.289244521409273,1979.670078959316,1.0,64,63,2,0,0.031005859375
fully-eager,8192,1,0.0,burst,8192,0.50890444639177,32.56988456907328,4201.515109410454,74.04259918257594,74.04259918257594,74.04259918257594,30.015071632251853,30.015071632251853,30.015071632251853,30.133855575695634,30.302022183313966,1964.9921120144427,1.0,64,63,1,0,0.015745162963867188
fully-eager,8192,1,0.0,burst,16384,0.5056608877809888,32.362296817983285,4174.736289519844,74.61493834853172,74.61493834853172,74.61493834853172,30.212318162537283,30.212318162537283,30.212318162537283,30.285598104819655,30.389114608988166,1977.594112046063,1.0,64,63,1,0,0.007872581481933594
fully-eager,8192,1,20.0,poisson,512,0.46194853997473045,29.56470655838275,3813.847146031375,263.28975101932883,263.28975101932883,263.28975101932883,30.18159933003878,30.18159933003878,30.18159933003878,30.274897860363126,30.29496385715902,2164.730508811772,1.0,64,63,16,0,0.20408920094936708
fully-eager,8192,1,20.0,poisson,1024,0.49031989719888686,31.38047342072876,4048.08107127401,139.7862727753818,139.7862727753818,139.7862727753818,30.152326745409813,30.152326745409813,30.152326745409813,30.2687908988446,30.294535625725985,2039.4718279130757,1.0,64,63,8,0,0.11354258362676056
fully-eager,8192,1,20.0,poisson,2048,0.5039431745191209,32.252363169223734,4160.554848829862,87.8812437877059,87.8812437877059,87.8812437877059,30.10249479363362,30.10249479363362,30.10249479363362,30.283299693837762,30.31632585451007,1984.338415786624,1.0,64,63,4,0,0.060160622667910446
fully-eager,8192,1,20.0,poisson,4096,0.5055681938011596,32.35636440327421,4173.971008022373,78.31780798733234,78.31780798733234,78.31780798733234,30.153039258919538,30.153039258919538,30.153039258919538,30.279340595006943,30.304137906059623,1977.9592812992632,1.0,64,63,2,0,0.031005859375
fully-eager,8192,1,20.0,poisson,8192,0.5059356783343866,32.37988341340074,4177.004960328696,74.16474167257547,74.16474167257547,74.16474167257547,30.196145509502717,30.196145509502717,30.196145509502717,30.295095406472683,30.638090567663312,1976.5219087712467,1.0,64,63,1,0,0.015745162963867188
fully-eager,8192,1,20.0,poisson,16384,0.5062892678308616,32.40251314117514,4179.9241952115935,74.28849814459682,74.28849814459682,74.28849814459682,30.17228390164082,30.17228390164082,30.17228390164082,30.300123430788517,30.338918697088957,1975.1423839479685,1.0,64,63,1,0,0.007872581481933594
fully-eager,8192,4,0.0,burst,512,0.9833648464728552,62.93535017426273,8118.660172479892,1259.352825814858,2116.970241558738,2193.2401866698638,33.233046110364654,37.00572488541227,37.35297656906325,43.74096682295203,44.99803017824888,3995.5213392619044,1.0,64,63,16,49,0.50384521484375
fully-eager,8192,4,0.0,burst,1024,1.3046461297230993,83.49735230227836,10771.15844699391,699.83606855385,1163.4029868524522,1204.399720048532,31.870158962048,34.45589490242243,34.69560670452044,45.59559626504778,47.511161770671606,3029.7918950906023,1.0,64,63,8,25,0.3358968098958333
fully-eager,8192,4,0.0,burst,2048,1.545170988148109,98.89094324147898,12756.931678150788,442.55283917300403,711.0263947397472,734.3822292983532,31.253715492932805,33.35885674737039,33.560030690083906,50.91224752832204,54.354989901185036,2570.6390022300184,1.0,64,63,4,13,0.2015380859375
fully-eager,8192,4,0.0,burst,4096,1.6832348810082838,107.72703238453016,13896.787177604392,345.50635726191103,512.8125104354694,526.6690597543493,30.81868011652241,32.93823633816034,33.14838629334219,35.21457111928599,73.90356995165348,2367.3470113659278,1.0,64,63,2,7,0.1119656032986111
fully-eager,8192,4,0.0,burst,8192,1.7450881825492472,111.68564368315182,14407.448035126585,341.979471500963,431.1769536929205,436.1861409107224,30.24261379392729,32.96269098932426,33.25924976433198,29.524930752813816,106.97751763276757,2287.6020421274006,1.0,64,63,1,4,0.05927590762867647
fully-eager,8192,4,0.0,burst,16384,1.815856273221188,116.21480148615603,14991.709391714128,226.65962297469378,349.59562385920435,354.60654065478593,30.656438557401536,31.813110128813793,31.813110128813793,29.508434236049652,41.761120315641165,2198.2858513016254,1.0,64,63,1,2,0.03053607362689394
fully-eager,8192,4,20.0,poisson,512,0.9835238859555544,62.94552870115548,8119.973202449057,1141.0683560414932,1950.9236118017502,2023.0251312692678,33.20315125073114,36.95117159273534,37.296148632756534,43.684764765203,44.983582105487585,3831.1675927095853,1.0,64,63,16,49,0.50384521484375
fully-eager,8192,4,20.0,poisson,1024,1.3047440700845452,83.50362048541089,10771.967042618006,581.6181154685785,998.9823894534996,1035.9287451597888,31.865714295279414,34.455986068924034,34.69587847043479,45.59328490868211,47.53106506541371,2865.8662110759683,1.0,64,63,8,25,0.3358968098958333
fully-eager,8192,4,20.0,poisson,2048,1.5264371227421907,97.6919758555002,12602.264885359527,355.232005868735,578.0994662043444,597.4828891660113,31.239901111269045,33.389298333269025,33.59293697594059,50.92881435994059,54.334971122443676,2438.6785150931023,1.0,64,64,4,13,0.1990499614197531
fully-eager,8192,4,20.0,poisson,4096,1.659223546023688,106.19030694551603,13698.549595971566,261.39782990764286,383.3568955964214,393.2512080547426,30.81170653199984,32.99359759123671,33.21323247079457,35.23282774258392,74.25174534786493,2238.021819731853,1.0,64,64,2,7,0.1104318279109589
fully-eager,8192,4,20.0,poisson,8192,1.7219224323865046,110.20303567273629,14216.19160178298,255.1408977477571,298.37973389837805,299.40070370855074,30.228426055391395,32.955296909702675,33.2534008162717,29.551440849900246,106.72406496945769,2173.0650874829507,1.0,64,64,1,4,0.05841683650362319
fully-eager,8192,4,20.0,poisson,16384,1.7539282365723754,112.25140714063203,14480.43152114153,179.11421616997026,255.82482409261078,256.8682402483214,30.771026934777932,32.96284344017742,33.110346749484066,29.54425709322095,73.12068722210883,2155.9238077184773,1.0,64,64,1,3,0.029637953814338234
fully-eager,8192,16,0.0,burst,512,1.3661931288830589,87.43636024851577,11279.290472058534,5062.400450464338,9379.444062127732,9759.34172521811,39.447451893624574,39.62498972754157,39.63268704653259,44.47158705443144,44.89360774401575,11350.586564280093,1.0,64,63,16,242,0.8036409657320872
fully-eager,8192,16,0.0,burst,1024,2.222283906319589,142.2261700044537,18347.17593057453,2776.206021895632,5088.148083188571,5291.438003187068,42.024858029825346,43.123899626412566,43.14371004611964,47.1220500767231,47.59117682464421,7019.139965297654,1.0,64,63,8,121,0.6717936197916666
fully-eager,8192,16,0.0,burst,2048,3.1360678352453455,200.7083414557021,25891.376047785572,1674.9220760539174,3063.1222715601325,3183.4234183654185,40.35735182419774,49.50419689402989,50.42025873267521,54.26180502399802,55.318312253803015,5011.632661800832,1.0,64,63,4,61,0.50384521484375
fully-eager,8192,16,0.0,burst,4096,3.8402187358038202,245.7739990914445,31704.84588279634,1179.3254448566586,2111.8112502153963,2183.4359891247004,40.37581806603287,48.84999175556004,49.87061330309463,73.92090363427997,75.45757526531816,4121.287401183508,1.0,64,63,2,31,0.3358968098958333
fully-eager,8192,16,0.0,burst,8192,4.287546506975523,274.40297644643346,35397.98396158992,984.2069121077657,1692.3996832920238,1718.8617838313803,40.079471895412084,48.59999601640517,50.035503522182495,107.01097873970866,108.66216337308288,3709.0006649959832,1.0,64,63,1,16,0.2015380859375
fully-eager,8192,16,0.0,burst,16384,4.667910845193197,298.7462940923646,38538.27193791504,839.8971832357347,1376.4332853024825,1403.0435354216024,39.20065809691709,48.38094034690469,48.38094034690469,44.31962128728628,175.81744585186243,3405.0951066892594,1.0,64,63,1,8,0.1119656032986111
fully-eager,8192,16,20.0,poisson,512,1.366770553619034,87.47331543161818,11284.057690678745,4835.181383372876,8906.99396449255,9241.872981879398,39.4294345640533,39.653231977440775,39.654513521652135,44.44771632552147,44.793533170595765,10874.983975352927,1.0,64,63,16,242,0.8036409657320872
fully-eager,8192,16,20.0,poisson,1024,2.221413557683098,142.17046769171827,18339.990332231657,2549.6062205206917,4617.85488707593,4777.873177700216,42.01497794646356,43.140826366161775,43.15788185719164,47.1008880995214,47.729994636029005,6551.593299411445,1.0,64,63,8,121,0.6717936197916666
fully-eager,8192,16,20.0,poisson,2048,3.133946383628029,200.57256855219384,25873.861343233006,1448.6649969626535,2594.2560246132525,2671.326576489495,40.39442036226983,49.5393100168763,50.456132950069055,54.162015207111835,55.34935090690851,4544.326611250846,1.0,64,63,4,61,0.50384521484375
fully-eager,8192,16,20.0,poisson,4096,3.836373775801336,245.5279216512855,31673.10189301583,952.5697140056957,1643.1394360644954,1671.491224891046,40.42255475614515,48.89472530386041,49.918828628188564,73.93493875861168,75.49302699044347,3648.703816927155,1.0,64,63,2,31,0.3358968098958333
fully-eager,8192,16,20.0,poisson,8192,4.294588325421459,274.85365282697336,35456.12121467956,758.8077167580641,1208.4321527491559,1225.389814399967,39.998737259930564,48.54335853393885,49.9905059886505,107.04289097338915,108.70375297963619,3361.572257626139,1.0,64,63,1,16,0.2015380859375
fully-eager,8192,16,20.0,poisson,16384,4.649450263995868,297.56481689573553,38385.86137954988,660.6988438590147,906.4691512595166,949.8737268381213,39.286851055092285,47.88664619564005,49.259517668184664,110.47767521813512,176.27585493028164,3233.8053027517226,1.0,64,63,1,8,0.1119656032986111
