implementation,decode_requests,decode_context_length,prefill_requests,prefill_tokens,prefill_chunk_size,prefill_prefix_length,decode_only_median_ms,prefill_only_median_ms,mixed_median_ms,decode_only_median_wall_ms,prefill_only_median_wall_ms,mixed_median_wall_ms,incremental_prefill_ms,incremental_decode_ms,decode_stretch,separate_sum_ms,packing_benefit_ms,packing_speedup,wall_incremental_prefill_ms,wall_decode_stretch,wall_packing_benefit_ms,wall_packing_speedup,mixed_scheduled_tokens_per_second,mixed_peak_gpu_memory_bytes,status,error
custom-kernels,1,128,2,512,256,0,13.222816467285156,16.106239318847656,20.20672035217285,13.246050104498863,16.128435730934143,20.229090005159378,6.983903884887695,4.100481033325195,1.5281706739382428,29.329055786132812,9.122335433959961,1.4514505706503245,6.983039900660515,1.527179034170255,9.145395830273628,1.4520913114698248,25387.593387703637,19483428864,ok,
custom-kernels,1,128,2,512,256,4096,13.222816467285156,16.247360229492188,20.252864837646484,13.246050104498863,16.269654035568237,20.27973160147667,7.030048370361328,4.005504608154297,1.5316604361676287,29.470176696777344,9.21731185913086,1.4551115080765025,7.033681496977806,1.5310021811399384,9.235972538590431,1.4554287364393872,25329.749845879775,19483430912,ok,
custom-kernels,1,128,2,512,256,16384,13.222816467285156,29.748767852783203,31.429664611816406,13.246050104498863,29.770884662866592,31.45218826830387,18.20684814453125,1.6808967590332031,2.3769266320512874,42.97158432006836,11.541919708251953,1.3672301264046136,18.206138163805008,2.374457896518262,11.564746499061584,1.367692905829259,16322.159537366833,19483437056,ok,
custom-kernels,1,128,2,2048,1024,0,13.222816467285156,16.454208374023438,20.69526481628418,13.246050104498863,16.476215794682503,20.717190578579903,7.472448348999023,4.241056442260742,1.5651177544123647,29.677024841308594,8.981760025024414,1.4340007293821662,7.471140474081039,1.5640277981089288,9.005075320601463,1.43466681867145,99008.15564281803,19593538560,ok,
custom-kernels,1,128,2,2048,1024,4096,13.222816467285156,22.54934310913086,24.688640594482422,13.246050104498863,22.571861743927002,24.71120096743107,11.465824127197266,2.1392974853515625,1.8671241982043008,35.772159576416016,11.083518981933594,1.4489319263860405,11.465150862932205,1.8655524305346092,11.106710880994797,1.449460586542647,82993.63394102483,19593540608,ok,
custom-kernels,1,128,2,2048,1024,16384,13.222816467285156,43.2982063293457,45.10108947753906,13.246050104498863,43.331725522875786,45.127687975764275,31.878273010253906,1.8028831481933594,3.410853473548892,56.52102279663086,11.419933319091797,1.2532074823775394,31.88163787126541,3.4068788521671975,11.450087651610374,1.2537264407997064,45431.2750254166,19593546752,ok,
custom-kernels,1,128,2,4096,2048,0,13.222816467285156,29.00476837158203,31.881471633911133,13.246050104498863,29.026079922914505,31.909795477986336,18.658655166625977,2.8767032623291016,2.4110953753906923,42.22758483886719,10.346113204956055,1.324518056247795,18.663745373487473,2.4090045882544677,10.362334549427032,1.3247383568025597,128507.24229562144,19733601792,ok,
custom-kernels,1,128,2,4096,2048,4096,13.222816467285156,42.396095275878906,45.358558654785156,13.246050104498863,42.417680844664574,45.38145661354065,32.1357421875,2.96246337890625,3.4303250572226958,55.61891174316406,10.260353088378906,1.2262054481595939,32.135406509041786,3.4260369133080193,10.282274335622787,1.2265743566405232,90324.73961929524,19733603840,ok,
custom-kernels,1,128,2,4096,2048,16384,13.222816467285156,82.60185241699219,85.85391998291016,13.246050104498863,82.62407965958118,85.87644435465336,72.631103515625,3.2520675659179688,6.492861804088646,95.82466888427734,9.970748901367188,1.1161362102435386,72.6303942501545,6.483173751961458,9.99368540942669,1.1163728363991723,47720.59331496497,19733609984,ok,
custom-kernels,1,128,2,8192,4096,0,13.222816467285156,61.747135162353516,67.1593246459961,13.246050104498863,61.769358813762665,67.18256324529648,53.93650817871094,5.412189483642578,5.079048386715218,74.96995162963867,7.810626983642578,1.1162999631817803,53.936513140797615,5.071894090335557,7.83284567296505,1.1165904558354796,121993.48404984966,20020994560,ok,
custom-kernels,1,128,2,8192,4096,4096,13.222816467285156,88.99139404296875,93.6280288696289,13.246050104498863,89.01329152286053,93.65460276603699,80.40521240234375,4.636634826660156,7.080793195706524,102.2142105102539,8.586181640625,1.0917052483565655,80.40855266153812,7.070379624657189,8.604738861322403,1.091877372891307,87505.84732920345,20020996608,ok,
custom-kernels,1,128,2,8192,4096,16384,13.222816467285156,169.3559112548828,173.89251708984375,13.246050104498863,169.37917470932007,173.9149447530508,160.6697006225586,4.5366058349609375,13.150943864348024,182.57872772216797,8.686210632324219,1.0499516067608383,160.66889464855194,13.129570202515138,8.710280060768127,1.0500835628193783,47115.3108662346,20021002752,ok,
custom-kernels,1,2048,2,512,256,0,12.915807723999023,16.106239318847656,21.069856643676758,12.937955558300018,16.128435730934143,21.09706960618496,8.154048919677734,4.963617324829102,1.6313231889111042,29.02204704284668,7.952190399169922,1.3774202422756607,8.159114047884941,1.6306339522592244,7.969321683049202,1.3777454325084495,24347.579040313765,19483429376,ok,
custom-kernels,1,2048,2,512,256,4096,12.915807723999023,16.247360229492188,20.375232696533203,12.937955558300018,16.269654035568237,20.401623100042343,7.45942497253418,4.127872467041016,1.5775422747021643,29.16316795349121,8.787935256958008,1.4313047800653218,7.463667541742325,1.5768815256869697,8.805986493825912,1.4316316623753154,25177.626564593087,19483431424,ok,
custom-kernels,1,2048,2,512,256,16384,12.915807723999023,29.748767852783203,37.389503479003906,12.937955558300018,29.770884662866592,37.41176426410675,24.473695755004883,7.640735626220703,2.8948637420120464,42.66457557678223,5.27507209777832,1.1410843046027754,24.473808705806732,2.891628750425424,5.29707595705986,1.1415885099581344,13720.428255702174,19483437568,ok,
custom-kernels,1,2048,2,2048,1024,0,12.915807723999023,16.454208374023438,23.84351921081543,12.937955558300018,16.476215794682503,23.86588603258133,10.927711486816406,7.389310836791992,1.8460726359770352,29.37001609802246,5.526496887207031,1.2317819294351569,10.927930474281311,1.8446412128283107,5.548285320401192,1.2324776592340532,85935.30098822713,19593539072,ok,
custom-kernels,1,2048,2,2048,1024,4096,12.915807723999023,22.54934310913086,30.74038314819336,12.937955558300018,22.571861743927002,30.762556940317154,17.824575424194336,8.1910400390625,2.3800589018582454,35.46515083312988,4.724767684936523,1.1536990499487056,17.824601382017136,2.377698454883176,4.747260361909866,1.1543194335607436,66654.99223357669,19593541120,ok,
custom-kernels,1,2048,2,2048,1024,16384,12.915807723999023,43.2982063293457,51.224159240722656,12.937955558300018,43.331725522875786,51.246967166662216,38.30835151672363,7.925952911376953,3.96600509510082,56.21401405334473,4.98985481262207,1.0974121369015108,38.3090116083622,3.960978760186421,5.022713914513588,1.0980099739010707,40000.65653339346,19593547264,ok,
custom-kernels,1,2048,2,4096,2048,0,12.915807723999023,29.00476837158203,37.882720947265625,12.937955558300018,29.026079922914505,37.90549375116825,24.9669132232666,8.877952575683594,2.9330508595970555,41.920576095581055,4.03785514831543,1.106588308530855,24.967538192868233,2.9297900723465493,4.058541730046272,1.107070013562907,108149.57050480085,19733602304,ok,
custom-kernels,1,2048,2,4096,2048,4096,12.915807723999023,42.396095275878906,51.41641616821289,12.937955558300018,42.417680844664574,51.43885314464569,38.50060844421387,9.020320892333984,3.980890492251244,55.31190299987793,3.895486831665039,1.0757634841549564,38.50089758634567,3.975810004359336,3.916783258318901,1.0761444514967107,79682.72208230809,19733604352,ok,
custom-kernels,1,2048,2,4096,2048,16384,12.915807723999023,82.60185241699219,91.93814086914062,12.937955558300018,82.62407965958118,91.96053259074688,79.0223331451416,9.336288452148438,7.118264907142371,95.51766014099121,3.579519271850586,1.038933996685287,79.02257703244686,7.10781020821732,3.601502627134323,1.0391635686056988,44562.57176041258,19733610496,ok,
custom-kernels,1,2048,2,8192,4096,0,12.915807723999023,61.747135162353516,73.11264038085938,12.937955558300018,61.769358813762665,73.13467748463154,60.19683265686035,11.36550521850586,5.660709879182226,74.66294288635254,1.550302505493164,1.0212043019841344,60.19672192633152,5.652722886168351,1.5726368874311447,1.021503299686549,112059.96606497743,20020995072,ok,
custom-kernels,1,2048,2,8192,4096,4096,12.915807723999023,88.99139404296875,99.38819122314453,12.937955558300018,89.01329152286053,99.4106400758028,86.47238349914551,10.396797180175781,7.695081356659568,101.90720176696777,2.519010543823242,1.0253451694091866,86.47268451750278,7.683643650486063,2.5406070053577423,1.0255566909479756,82434.34053050858,20020997120,ok,
custom-kernels,1,2048,2,8192,4096,16384,12.915807723999023,169.3559112548828,179.52764892578125,12.937955558300018,169.37917470932007,179.55072037875652,166.61184120178223,10.171737670898438,13.899839077984932,182.27171897888184,2.744070053100586,1.0152849439599971,166.6127648204565,13.877827881667926,2.7664098888635635,1.0154074006666636,45636.42452303867,20021003264,ok,
custom-kernels,1,8192,2,512,256,0,28.73923110961914,16.106239318847656,33.94019317626953,28.761113062500954,16.128435730934143,33.96288864314556,5.200962066650391,17.833953857421875,1.1809708146614126,44.8454704284668,10.905277252197266,1.321308638273222,5.2017755806446075,1.1808614141372276,10.926660150289536,1.3217235219623984,15114.82263332201,19483430912,ok,
custom-kernels,1,8192,2,512,256,4096,28.73923110961914,16.247360229492188,39.52259063720703,28.761113062500954,16.269654035568237,39.545608684420586,10.78335952758789,23.275230407714844,1.3752139187877805,44.98659133911133,5.464000701904297,1.1382500644267084,10.784495621919632,1.37496795059648,5.485158413648605,1.138704614649402,12979.918363880119,19483432960,ok,
custom-kernels,1,8192,2,512,256,16384,28.73923110961914,29.748767852783203,56.666465759277344,28.761113062500954,29.770884662866592,56.692350655794144,27.927234649658203,26.91769790649414,1.9717460617904576,58.487998962402344,1.821533203125,1.032144817551583,27.93123759329319,1.971145919582307,1.8396470695734024,1.0324496523480349,9052.973273103988,19483439104,ok,
custom-kernels,1,8192,2,2048,1024,0,28.73923110961914,16.454208374023438,43.30204772949219,28.761113062500954,16.476215794682503,43.32421533763409,14.562816619873047,26.84783935546875,1.5067225551138288,45.19343948364258,1.8913917541503906,1.043679037212418,14.563102275133133,1.5063469638148552,1.9131135195493698,1.0441580650599231,47318.778382031705,19593540608,ok,
custom-kernels,1,8192,2,2048,1024,4096,28.73923110961914,22.54934310913086,50.179744720458984,28.761113062500954,22.571861743927002,50.20647123456001,21.440513610839844,27.630401611328125,1.7460364381030227,51.28857421875,1.1088294982910156,1.0220971530339198,21.44535817205906,1.745637282029246,1.1265035718679428,1.0224374178102464,40833.20892552476,19593542656,ok,
custom-kernels,1,8192,2,2048,1024,16384,28.73923110961914,43.2982063293457,70.61698913574219,28.761113062500954,43.331725522875786,70.65382227301598,41.87775802612305,27.318782806396484,2.457163480344691,72.03743743896484,1.4204483032226562,1.0201148239341133,41.89270921051502,2.4565746853912684,1.4390163123607635,1.0203671403197438,29015.68057597794,19593548800,ok,
custom-kernels,1,8192,2,4096,2048,0,28.73923110961914,29.00476837158203,57.50729751586914,28.761113062500954,29.026079922914505,57.52913095057011,28.76806640625,28.50252914428711,2.0010033426614955,57.74399948120117,0.23670196533203125,1.0041160335393384,28.768017888069153,2.0002400750469285,0.2580620348453522,1.0044857627880226,71243.13221064565,19733603840,ok,
custom-kernels,1,8192,2,4096,2048,4096,28.73923110961914,42.396095275878906,71.03359985351562,28.761113062500954,42.417680844664574,71.06007821857929,42.294368743896484,28.63750457763672,2.471659717776527,71.13532638549805,0.10172653198242188,1.0014320903374205,42.29896515607834,2.4706998670099516,0.11871568858623505,1.0016706383044087,57676.93047302642,19733605888,ok,
custom-kernels,1,8192,2,4096,2048,16384,28.73923110961914,82.60185241699219,111.61779022216797,28.761113062500954,82.62407965958118,111.641064286232,82.87855911254883,29.01593780517578,3.883812680876108,111.34108352661133,-0.2767066955566406,0.9975209445106745,82.87995122373104,3.881667028797672,-0.25587156414985657,0.997708087379982,36705.61826967894,19733612032,ok,
custom-kernels,1,8192,2,8192,4096,0,28.73923110961914,61.747135162353516,92.27967834472656,28.761113062500954,61.769358813762665,92.30702556669712,63.54044723510742,30.532543182373047,3.210930661044727,90.48636627197266,-1.7933120727539062,0.9805665547938444,63.54591250419617,3.2094385695749725,-1.7765536904335022,0.9807538626715923,88784.44471158258,20020996608,ok,
custom-kernels,1,8192,2,8192,4096,4096,28.73923110961914,88.99139404296875,118.7127685546875,28.761113062500954,89.01329152286053,118.73524449765682,89.97353744506836,29.72137451171875,4.130687007661588,117.73062515258789,-0.9821434020996094,0.9917267248160659,89.97413143515587,4.12832577931294,-0.9608399122953415,0.9919077110056037,69015.32244381719,20020998656,ok,
custom-kernels,1,8192,2,8192,4096,16384,28.73923110961914,169.3559112548828,199.4147186279297,28.761113062500954,169.37917470932007,199.43717680871487,170.67548751831055,30.058807373046875,6.9387631794082605,198.09514236450195,-1.3195762634277344,0.9933827539285612,170.6760637462139,6.934264900503562,-1.2968890368938446,0.9934972553380169,41085.232105091476,20021004800,ok,
custom-kernels,8,128,2,512,256,0,14.422975540161133,16.106239318847656,20.533472061157227,14.446474611759186,16.128435730934143,20.560787990689278,6.110496520996094,4.42723274230957,1.4236640701484422,30.52921485900879,9.995742797851562,1.4868023667931112,6.114313378930092,1.4232391322622853,10.014122352004051,1.4870495409290165,25324.504226621957,19483833856,ok,
custom-kernels,8,128,2,512,256,4096,14.422975540161133,16.247360229492188,20.702367782592773,14.446474611759186,16.269654035568237,20.724542438983917,6.279392242431641,4.455007553100586,1.4353742558147253,30.67033576965332,9.967967987060547,1.4814892717461015,6.2780678272247314,1.4345743855123305,9.991586208343506,1.4821137179631443,25117.89982000189,19483835904,ok,
custom-kernels,8,128,2,512,256,16384,14.422975540161133,29.748767852783203,31.742431640625,14.446474611759186,29.770884662866592,31.765567138791084,17.319456100463867,1.9936637878417969,2.2008240638166106,44.171743392944336,12.429311752319336,1.3915677252782328,17.3190925270319,2.198845600222386,12.451792135834694,1.39199023525788,16381.857757062538,19483842048,ok,
custom-kernels,8,128,2,2048,1024,0,14.422975540161133,16.454208374023438,21.11452865600586,14.446474611759186,16.476215794682503,21.13724872469902,6.691553115844727,4.660320281982422,1.4639509439097316,30.87718391418457,9.762655258178711,1.4623667152239177,6.690774112939835,1.4631423439109261,9.785441681742668,1.4629477473247647,97373.71046713785,19593793024,ok,
custom-kernels,8,128,2,2048,1024,4096,14.422975540161133,22.54934310913086,24.993247985839844,14.446474611759186,22.571861743927002,25.01562424004078,10.570272445678711,2.4439048767089844,1.732877374453387,36.97231864929199,11.979070663452148,1.47929227406694,10.569149628281593,1.7316075314096688,12.002712115645409,1.4798086188244504,82262.21742627633,19593795072,ok,
custom-kernels,8,128,2,2048,1024,16384,14.422975540161133,43.2982063293457,45.355072021484375,14.446474611759186,43.331725522875786,45.37818022072315,30.932096481323242,2.056865692138672,3.144640431178161,57.721181869506836,12.366109848022461,1.2726510905365715,30.931705608963966,3.1411248377362657,12.40001991391182,1.2732595237093491,45331.20350963366,19593801216,ok,
custom-kernels,8,128,2,4096,2048,0,14.422975540161133,29.00476837158203,32.1187858581543,14.446474611759186,29.026079922914505,32.14056044816971,17.695810317993164,3.1140174865722656,2.2269181396528577,43.427743911743164,11.308958053588867,1.3520979312086219,17.694085836410522,2.224803027169538,11.331994086503983,1.3525761196597086,127775.68922201582,19734114304,ok,
custom-kernels,8,128,2,4096,2048,4096,14.422975540161133,42.396095275878906,45.55507278442383,14.446474611759186,42.417680844664574,45.578183606266975,31.132097244262695,3.158977508544922,3.1585072482148084,56.81907081604004,11.263998031616211,1.247261113705598,31.13170899450779,3.154969280129223,11.285971850156784,1.2476178504095756,90088.75958602877,19734116352,ok,
custom-kernels,8,128,2,4096,2048,16384,14.422975540161133,82.60185241699219,85.9850845336914,14.446474611759186,82.62407965958118,86.00828610360622,71.56210899353027,3.3832321166992188,5.961674433563574,97.02482795715332,11.039743423461914,1.1283913772177108,71.56181149184704,5.95358303081064,11.062268167734146,1.1286186327955479,47729.20817902942,19734122496,ok,
custom-kernels,8,128,2,8192,4096,0,14.422975540161133,61.747135162353516,67.87862396240234,14.446474611759186,61.769358813762665,67.90538504719734,53.45564842224121,6.131488800048828,4.706284342880055,76.17011070251465,8.291486740112305,1.1221516621301122,53.458910435438156,4.700481388858948,8.310448378324509,1.1223827590779194,120803.863150525,20021507072,ok,
custom-kernels,8,128,2,8192,4096,4096,14.422975540161133,88.99139404296875,94.61043548583984,14.446474611759186,89.01329152286053,94.63292174041271,80.18745994567871,5.619041442871094,6.5597029699173195,103.41436958312988,8.803934097290039,1.0930545774584,80.18644712865353,6.550589281026605,8.826844394207,1.0932745627195142,86671.20025282282,20021509120,ok,
custom-kernels,8,128,2,8192,4096,16384,14.422975540161133,169.3559112548828,174.1426544189453,14.446474611759186,169.37917470932007,174.16556365787983,159.71967887878418,4.7867431640625,12.073975576956418,183.77888679504395,9.636232376098633,1.055335279046087,159.71908904612064,12.055921485239868,9.660085663199425,1.05546495794183,47087.83168236757,20021515264,ok,
custom-kernels,8,2048,2,512,256,0,14.392512321472168,16.106239318847656,22.201568603515625,14.41413164138794,16.128435730934143,22.224754095077515,7.809056282043457,6.095329284667969,1.5425777034349408,30.498751640319824,8.2971830368042,1.3737205773600312,7.810622453689575,1.541872562843993,8.317813277244568,1.374258956551823,23421.768492414445,19483837952,ok,
custom-kernels,8,2048,2,512,256,4096,14.392512321472168,16.247360229492188,22.95529556274414,14.41413164138794,16.269654035568237,22.981271147727966,8.562783241271973,6.707935333251953,1.5949470842902924,30.639872550964355,7.684576988220215,1.334762711602463,8.567139506340027,1.5943569629779721,7.7025145292282104,1.3351648601034725,22652.725101215718,19483840000,ok,
custom-kernels,8,2048,2,512,256,16384,14.392512321472168,29.748767852783203,37.68159866333008,14.41413164138794,29.770884662866592,37.708282470703125,23.28908634185791,7.932830810546875,2.6181390588155313,44.14128017425537,6.459681510925293,1.1714280110204438,23.294150829315186,2.6160634167118086,6.476733833551407,1.1717589189744562,13799.839137558645,19483846144,ok,
custom-kernels,8,2048,2,2048,1024,0,14.392512321472168,16.454208374023438,24.45929527282715,14.41413164138794,16.476215794682503,24.48112517595291,10.06678295135498,8.005086898803711,1.6994458456246282,30.846720695495605,6.387425422668457,1.2611451127851796,10.066993534564972,1.698411377460933,6.409222260117531,1.2618026015574284,84058.02281164234,19593797120,ok,
custom-kernels,8,2048,2,2048,1024,4096,14.392512321472168,22.54934310913086,31.1015682220459,14.41413164138794,22.571861743927002,31.123213469982147,16.70905590057373,8.552225112915039,2.1609547747717066,36.94185543060303,5.840287208557129,1.1877811165938998,16.709081828594208,2.159215292624127,5.862779915332794,1.18837321926887,66105.99135456565,19593799168,ok,
custom-kernels,8,2048,2,2048,1024,16384,14.392512321472168,43.2982063293457,51.38694381713867,14.41413164138794,43.331725522875786,51.409561187028885,36.994431495666504,8.088737487792969,3.5703942904029735,57.69071865081787,6.303774833679199,1.1226726939845126,36.995429545640945,3.566608274855373,6.33629597723484,1.1232513141705933,40010.16303511475,19593805312,ok,
custom-kernels,8,2048,2,4096,2048,0,14.392512321472168,29.00476837158203,38.218849182128906,14.41413164138794,29.026079922914505,38.241127505898476,23.82633686065674,9.214080810546875,2.6554675325940322,43.3972806930542,5.178431510925293,1.135494176871938,23.826995864510536,2.653030266221173,5.199084058403969,1.1359553025104199,107381.56924722437,19734118400,ok,
custom-kernels,8,2048,2,4096,2048,4096,14.392512321472168,42.396095275878906,51.67030334472656,14.41413164138794,42.417680844664574,51.69213376939297,37.277791023254395,9.274208068847656,3.5900822726856183,56.788607597351074,5.118304252624512,1.0990569809214576,37.27800212800503,3.5862121323331775,5.139678716659546,1.09942864304245,79426.66743447426,19734120448,ok,
custom-kernels,8,2048,2,4096,2048,16384,14.392512321472168,82.60185241699219,91.98339080810547,14.41413164138794,82.62407965958118,92.00632385909557,77.5908784866333,9.381538391113281,6.391058680622116,96.99436473846436,5.010973930358887,1.0544769429169307,77.59219221770763,6.383063936707343,5.03188744187355,1.0546906694107212,44616.750523599534,19734126592,ok,
custom-kernels,8,2048,2,8192,4096,0,14.392512321472168,61.747135162353516,73.53263854980469,14.41413164138794,61.769358813762665,73.55485670268536,59.14012622833252,11.785503387451172,5.109089845287222,76.13964748382568,2.607008934020996,1.0354537656398013,59.14072506129742,5.102968290610307,2.628633752465248,1.035737052185288,111515.10624014975,20021511168,ok,
custom-kernels,8,2048,2,8192,4096,4096,14.392512321472168,88.99139404296875,99.44393920898438,14.41413164138794,89.01329152286053,99.466972053051,85.0514268875122,10.452545166015625,6.909421856851504,103.38390636444092,3.939967155456543,1.039619982744012,85.05284041166306,6.900656558973489,3.9604511111974716,1.039816745493018,82458.51949576793,20021513216,ok,
custom-kernels,8,2048,2,8192,4096,16384,14.392512321472168,169.3559112548828,179.76463317871094,14.41413164138794,169.37917470932007,179.79133501648903,165.37212085723877,10.408721923828125,12.490149680853172,183.74842357635498,3.983790397644043,1.0221611466460347,165.3772033751011,12.473268559602033,4.001971334218979,1.0222589777969664,45615.20169458508,20021519360,ok,
custom-kernels,8,8192,2,512,256,0,29.57632064819336,16.106239318847656,33.8823356628418,29.603226110339165,16.128435730934143,33.90424698591232,4.3060150146484375,17.77609634399414,1.1455899489956154,45.682559967041016,11.800224304199219,1.3482706865790346,4.301020875573158,1.145288924238936,11.827414855360985,1.3488475901050225,15347.230048555228,19483850240,ok,
custom-kernels,8,8192,2,512,256,4096,29.57632064819336,16.247360229492188,39.5695686340332,29.603226110339165,16.269654035568237,39.59236480295658,9.993247985839844,23.322208404541016,1.3378800258730044,45.82368087768555,6.254112243652344,1.1580535866209387,9.989138692617416,1.3374341247600925,6.280515342950821,1.158629457326121,13141.411896837197,19483852288,ok,
custom-kernels,8,8192,2,512,256,16384,29.57632064819336,29.748767852783203,56.5814094543457,29.603226110339165,29.770884662866592,56.604066863656044,27.005088806152344,26.8326416015625,1.91306451290458,59.32508850097656,2.7436790466308594,1.0484908218634015,27.00084075331688,1.9120911569799015,2.770043909549713,1.0489371888458474,9190.297749998195,19483858432,ok,
custom-kernels,8,8192,2,2048,1024,0,29.57632064819336,16.454208374023438,43.37251281738281,29.603226110339165,16.476215794682503,43.39519329369068,13.796192169189453,26.918304443359375,1.4664607316539957,46.0305290222168,2.6580162048339844,1.0612834265799953,13.791967183351517,1.4658940593820806,2.684248611330986,1.0618558971074166,47403.29453948532,19593809408,ok,
custom-kernels,8,8192,2,2048,1024,4096,29.57632064819336,22.54934310913086,50.27840042114258,29.603226110339165,22.571861743927002,50.301443785429,20.70207977294922,27.72905731201172,1.699954535224238,52.12566375732422,1.8472633361816406,1.036740694228706,20.698217675089836,1.6991879060053126,1.8736440688371658,1.0372483159097694,40892.3112664386,19593811456,ok,
custom-kernels,8,8192,2,2048,1024,16384,29.57632064819336,43.2982063293457,70.64915466308594,29.603226110339165,43.331725522875786,70.67306526005268,41.07283401489258,27.350948333740234,2.388706678678826,72.87452697753906,2.225372314453125,1.0314989234487737,41.069839149713516,2.3873433590188857,2.2618863731622696,1.0320049281128434,29101.551317984224,19593817600,ok,
custom-kernels,8,8192,2,4096,2048,0,29.57632064819336,29.00476837158203,57.46857452392578,29.603226110339165,29.026079922914505,57.49675631523132,27.892253875732422,28.46380615234375,1.9430603017700308,58.58108901977539,1.1125144958496094,1.0193586582765584,27.89353020489216,1.942246297782731,1.1325497180223465,1.0196976280159709,71412.94236020053,19734130688,ok,
custom-kernels,8,8192,2,4096,2048,4096,29.57632064819336,42.396095275878906,70.93478393554688,29.603226110339165,42.417680844664574,70.96145674586296,41.358463287353516,28.53868865966797,2.3983640419410945,71.97241592407227,1.0376319885253906,1.014627971369705,41.358230635523796,2.3970852528494895,1.0594502091407776,1.0149299388389816,57855.959690086565,19734132736,ok,
custom-kernels,8,8192,2,4096,2048,16384,29.57632064819336,82.60185241699219,111.05203247070312,29.603226110339165,82.62407965958118,111.0793761909008,81.47571182250977,28.450180053710938,3.754761580781233,112.17817306518555,1.1261405944824219,1.0101406572165126,81.47615008056164,3.752272667069399,1.1479295790195465,1.0103343178399447,36955.649605806946,19734138880,ok,
custom-kernels,8,8192,2,8192,4096,0,29.57632064819336,61.747135162353516,92.34015655517578,29.603226110339165,61.769358813762665,92.36374869942665,62.76383590698242,30.593021392822266,3.1220974932463847,91.32345581054688,-1.0167007446289062,0.988989614241975,62.760522589087486,3.1200568598558207,-0.9911637753248215,0.9892689091848113,88802.10198799343,20021523456,ok,
custom-kernels,8,8192,2,8192,4096,4096,29.57632064819336,88.99139404296875,118.85334777832031,29.603226110339165,89.01329152286053,118.87622252106667,89.27702713012695,29.861953735351562,4.018530539753948,118.56771469116211,-0.2856330871582031,0.9975967602722394,89.2729964107275,4.015650932029607,-0.2597048878669739,0.9978153336103782,68992.58753143626,20021525504,ok,
custom-kernels,8,8192,2,8192,4096,16384,29.57632064819336,169.3559112548828,199.0966339111328,29.603226110339165,169.37917470932007,199.11995716392994,169.52031326293945,29.74072265625,6.731622782947291,198.93223190307617,-0.16440200805664062,0.999174260233199,169.51673105359077,6.726292479804615,-0.13755634427070618,0.9993091785161572,41186.03031561089,20021531648,ok,
custom-kernels,32,128,2,512,256,0,15.419072151184082,16.106239318847656,23.17523193359375,15.441302210092545,16.128435730934143,23.20178970694542,7.756159782409668,7.068992614746094,1.5030237686392853,31.52531147003174,8.350079536437988,1.3603018757423566,7.760487496852875,1.5025798596041056,8.367948234081268,1.3606596016847932,23473.335738722104,19485223424,ok,
custom-kernels,32,128,2,512,256,4096,15.419072151184082,16.247360229492188,23.430240631103516,15.441302210092545,16.269654035568237,23.455573245882988,8.011168479919434,7.182880401611328,1.519562292813075,31.66643238067627,8.236191749572754,1.3515197252664684,8.014271035790443,1.5190152311475555,8.255382999777794,1.3519582707801359,23217.85800517315,19485225472,ok,
custom-kernels,32,128,2,512,256,16384,15.419072151184082,29.748767852783203,32.78623962402344,15.441302210092545,29.770884662866592,32.80811756849289,17.367167472839355,3.0374717712402344,2.1263432262690123,45.167840003967285,12.381600379943848,1.377646247997025,17.366815358400345,2.124698883689309,12.404069304466248,1.3780792750016975,16592.326727258933,19485231616,ok,
custom-kernels,32,128,2,2048,1024,0,15.419072151184082,16.454208374023438,23.97577667236328,15.441302210092545,16.476215794682503,24.015963077545166,8.5567045211792,7.521568298339844,1.554942893922583,31.87328052520752,7.897503852844238,1.3293951207823702,8.574660867452621,1.5553068485278503,7.901554927229881,1.3290126197194985,86754.22817053524,19594666496,ok,
custom-kernels,32,128,2,2048,1024,4096,15.419072151184082,22.54934310913086,26.306880950927734,15.441302210092545,22.571861743927002,26.33344754576683,10.887808799743652,3.757537841796875,1.7061260686109145,37.96841526031494,11.661534309387207,1.4432883674480594,10.892145335674286,1.7053903347967054,11.679716408252716,1.4435316108137257,79066.76598719496,19594668544,ok,
custom-kernels,32,128,2,2048,1024,16384,15.419072151184082,43.2982063293457,46.59699249267578,15.441302210092545,43.331725522875786,46.61957733333111,31.1779203414917,3.298786163330078,3.0220360885397013,58.717278480529785,12.120285987854004,1.260108761091375,31.178275123238564,3.019148041987043,12.153450399637222,1.2606941352715353,44638.07402005482,19594674688,ok,
custom-kernels,32,128,2,4096,2048,0,15.419072151184082,29.00476837158203,33.36320114135742,15.441302210092545,29.026079922914505,33.38619880378246,17.94412899017334,4.358432769775391,2.1637619186310992,44.42384052276611,11.060639381408691,1.3315221262655696,17.94489659368992,2.1621362207366817,11.081183329224586,1.3319091039489392,123729.1344589498,19735872512,ok,
custom-kernels,32,128,2,4096,2048,4096,15.419072151184082,42.396095275878906,46.82089614868164,15.441302210092545,42.417680844664574,46.84373363852501,31.40182399749756,4.424800872802734,3.036557303163414,57.81516742706299,10.994271278381348,1.2348154816060888,31.402431428432465,3.0336647130646544,11.015249416232109,1.235148835514106,88165.76228894401,19735874560,ok,
custom-kernels,32,128,2,4096,2048,16384,15.419072151184082,82.60185241699219,87.20694732666016,15.441302210092545,82.62407965958118,87.23392523825169,71.78787517547607,4.605094909667969,5.655784373508054,98.02092456817627,10.813977241516113,1.1240036209616313,71.79262302815914,5.649389154577583,10.831456631422043,1.1241656454394247,47335.678252069985,19735880704,ok,
custom-kernels,32,128,2,8192,4096,0,15.419072151184082,61.747135162353516,68.70732879638672,15.441302210092545,61.769358813762665,68.73045116662979,53.28825664520264,6.960193634033203,4.455996322133459,77.1662073135376,8.458878517150879,1.1231146467972675,53.28914895653725,4.451078686984514,8.480209857225418,1.1233835907269987,119696.11021222667,20023265280,ok,
custom-kernels,32,128,2,8192,4096,4096,15.419072151184082,88.99139404296875,95.34150695800781,15.441302210092545,89.01329152286053,95.37068754434586,79.92243480682373,6.3501129150390625,6.183349168042269,104.41046619415283,9.06895923614502,1.0951207876349107,79.92938533425331,6.17633708910968,9.083906188607216,1.0952484083160599,86258.33870679405,20023267328,ok,
custom-kernels,32,128,2,8192,4096,16384,15.419072151184082,169.3559112548828,175.16934204101562,15.441302210092545,169.37917470932007,175.19311234354973,159.75026988983154,5.8134307861328125,11.360563095073381,184.7749834060669,9.60564136505127,1.054836315836604,159.75181013345718,11.345747266641945,9.627364575862885,1.0549528714175922,46948.85477205459,20023273472,ok,
custom-kernels,32,2048,2,512,256,0,15.850784301757812,16.106239318847656,24.24630355834961,15.87691344320774,16.128435730934143,24.272380396723747,8.395519256591797,8.140064239501953,1.5296595484969633,31.95702362060547,7.710720062255859,1.318016313030963,8.395466953516006,1.5287845766462655,7.732968777418137,1.3185912815729406,22436.40968574217,19485238784,ok,
custom-kernels,32,2048,2,512,256,4096,15.850784301757812,16.247360229492188,24.586944580078125,15.87691344320774,16.269654035568237,24.609234184026718,8.736160278320312,8.339584350585938,1.551150032200709,32.09814453125,7.511199951171875,1.3054954602719493,8.732320740818977,1.550001155580698,7.53733329474926,1.3062806927832629,22125.563354495975,19485240832,ok,
custom-kernels,32,2048,2,512,256,16384,15.850784301757812,29.748767852783203,40.9633903503418,15.87691344320774,29.770884662866592,40.986549109220505,25.112606048583984,11.214622497558594,2.584313152617884,45.599552154541016,4.636161804199219,1.1131781760383643,25.109635666012764,2.581518709907362,4.661248996853828,1.1137263101714805,13280.150772370354,19485246976,ok,
custom-kernels,32,2048,2,2048,1024,0,15.850784301757812,16.454208374023438,27.86400032043457,15.87691344320774,16.476215794682503,27.89042703807354,12.013216018676758,11.409791946411133,1.7578941073183691,32.30499267578125,4.44099235534668,1.1593810043165194,12.013513594865799,1.7566655595773413,4.462702199816704,1.1600083854479752,74648.29084410376,19594681856,ok,
custom-kernels,32,2048,2,2048,1024,4096,15.850784301757812,22.54934310913086,34.604576110839844,15.87691344320774,22.571861743927002,34.62655283510685,18.75379180908203,12.055233001708984,2.1831459852117403,38.40012741088867,3.795551300048828,1.109683507981474,18.74963939189911,2.1809373061689357,3.822222352027893,1.1103841427770613,60107.657245610426,19594683904,ok,
custom-kernels,32,2048,2,2048,1024,16384,15.850784301757812,43.2982063293457,55.0228157043457,15.87691344320774,43.331725522875786,55.04598096013069,39.17203140258789,11.724609375,3.47129925288579,59.148990631103516,4.1261749267578125,1.0749902540235128,39.16906751692295,3.467045478142338,4.162658005952835,1.0756214701481623,37802.50016968364,19594690048,ok,
custom-kernels,32,2048,2,4096,2048,0,15.850784301757812,29.00476837158203,41.727073669433594,15.87691344320774,29.026079922914505,41.75032489001751,25.87628936767578,12.722305297851562,2.6324926814382406,44.855552673339844,3.12847900390625,1.0749748000228916,25.87341144680977,2.6296247718021415,3.1526684761047363,1.075512429769344,98928.57650892233,19735887872,ok,
custom-kernels,32,2048,2,4096,2048,4096,15.850784301757812,42.396095275878906,55.175392150878906,15.87691344320774,42.417680844664574,55.201003327965736,39.324607849121094,12.779296875,3.480925050803959,58.24687957763672,3.0714874267578125,1.0556677045150622,39.324089884757996,3.4768094897929376,3.093590959906578,1.0560422958533313,74815.96122981509,19735889920,ok,
custom-kernels,32,2048,2,4096,2048,16384,15.850784301757812,82.60185241699219,95.4916763305664,15.87691344320774,82.62407965958118,95.51498852670193,79.6408920288086,12.889823913574219,6.024413335810558,98.45263671875,2.9609603881835938,1.0310075233985163,79.63807508349419,6.015967074983578,2.986004576086998,1.0312621570933052,43228.898670811664,19735896064,ok,
custom-kernels,32,2048,2,8192,4096,0,15.850784301757812,61.747135162353516,76.53276824951172,15.87691344320774,61.769358813762665,76.55628398060799,60.681983947753906,14.785633087158203,4.828326901213615,77.59791946411133,1.0651512145996094,1.01391758378747,60.679370537400246,4.821861897430657,1.0899882763624191,1.0142377375139906,107457.23940349524,20023280640,ok,
custom-kernels,32,2048,2,8192,4096,4096,15.850784301757812,88.99139404296875,102.63597106933594,15.87691344320774,89.01329152286053,102.66396403312683,86.78518676757812,13.644577026367188,6.475135180405796,104.84217834472656,2.206207275390625,1.0214954586818321,86.78705058991909,6.466241968274207,2.2262409329414368,1.0216847357678795,80127.85297704506,20023282688,ok,
custom-kernels,32,2048,2,8192,4096,16384,15.850784301757812,169.3559112548828,183.09347534179688,15.87691344320774,169.37917470932007,183.11654590070248,167.24269104003906,13.737564086914062,11.551067244129507,185.20669555664062,2.11322021484375,1.011541755985017,167.23963245749474,11.53351037377111,2.1395422518253326,1.0116840465797423,44916.9473933876,20023288832,ok,
custom-kernels,32,8192,2,512,256,0,39.965087890625,16.106239318847656,44.797054290771484,39.98873569071293,16.128435730934143,44.82420161366463,4.831966400146484,28.690814971923828,1.120904685944153,56.071327209472656,11.274272918701172,1.2516744258566963,4.835465922951698,1.1209207002779709,11.292969807982445,1.2519391177408008,12143.655617821903,19485287936,ok,
custom-kernels,32,8192,2,512,256,4096,39.965087890625,16.247360229492188,50.53190231323242,39.98873569071293,16.269654035568237,50.5551490932703,10.566814422607422,34.284542083740234,1.2644011305949407,56.21244812011719,5.680545806884766,1.1124150397440558,10.566413402557373,1.2642347456114083,5.703240633010864,1.1128122601812296,10765.476364374801,19485289984,ok,
custom-kernels,32,8192,2,512,256,16384,39.965087890625,29.748767852783203,66.80719757080078,39.98873569071293,29.770884662866592,66.83050096035004,26.84210968017578,37.05842971801758,1.6716389503167437,69.7138557434082,2.906658172607422,1.043508158975341,26.841765269637108,1.6712331561878035,2.9291193932294846,1.0438290803022308,8142.835200106709,19485296128,ok,
custom-kernels,32,8192,2,2048,1024,0,39.965087890625,16.454208374023438,54.94755172729492,39.98873569071293,16.476215794682503,54.97097410261631,14.982463836669922,38.493343353271484,1.3748887998863755,56.41929626464844,1.4717445373535156,1.0267845334521508,14.982238411903381,1.3746614678638838,1.4939773827791214,1.0271775679286719,37854.27984713594,19594731008,ok,
custom-kernels,32,8192,2,2048,1024,4096,39.965087890625,22.54934310913086,61.776161193847656,39.98873569071293,22.571861743927002,61.79938092827797,21.811073303222656,39.2268180847168,1.5457531674373997,62.51443099975586,0.7382698059082031,1.0119507232505365,21.81064523756504,1.5454197253510666,0.7612165063619614,1.0123175425858295,33669.94581410068,19594733056,ok,
custom-kernels,32,8192,2,2048,1024,16384,39.965087890625,43.2982063293457,81.9993896484375,39.98873569071293,43.331725522875786,82.02777057886124,42.0343017578125,38.7011833190918,2.0517755365095267,83.2632942199707,1.2639045715332031,1.0154135851126702,42.03903488814831,2.051271918504579,1.292690634727478,1.015759182842653,25366.042465898212,19594739200,ok,
custom-kernels,32,8192,2,4096,2048,0,39.965087890625,29.00476837158203,68.08988952636719,39.98873569071293,29.026079922914505,68.11262853443623,28.124801635742188,39.085121154785156,1.703734262081773,68.96985626220703,0.8799667358398438,1.0129236035182445,28.123892843723297,1.7032953745085482,0.9021870791912079,1.0132455184685036,60625.74089507767,19735937024,ok,
custom-kernels,32,8192,2,4096,2048,4096,39.965087890625,42.396095275878906,81.5277099609375,39.98873569071293,42.417680844664574,81.55015856027603,41.5626220703125,39.131614685058594,2.0399732432481965,82.3611831665039,0.8334732055664062,1.0102231892195397,41.5614228695631,2.039328254611846,0.856257975101471,1.0104997708185766,50633.09152161707,19735939072,ok,
custom-kernels,32,8192,2,4096,2048,16384,39.965087890625,82.60185241699219,121.6145248413086,39.98873569071293,82.62407965958118,121.63705192506313,81.6494369506836,39.012672424316406,3.043019076403355,122.56694030761719,0.9524154663085938,1.007831428585947,81.6483162343502,3.0417828877073596,0.9757634252309799,1.0080219259657175,33943.31396999258,19735945216,ok,
custom-kernels,32,8192,2,8192,4096,0,39.965087890625,61.747135162353516,102.40265655517578,39.98873569071293,61.769358813762665,102.4248544126749,62.43756866455078,40.655521392822266,2.5623027987684566,101.71222305297852,-0.6904335021972656,0.9932576602460967,62.436118721961975,2.5613426542130533,-0.6667599081993103,0.9934902528099977,80310.41651315764,20023329792,ok,
custom-kernels,32,8192,2,8192,4096,4096,39.965087890625,88.99139404296875,128.74342346191406,39.98873569071293,89.01329152286053,128.76679375767708,88.77833557128906,39.75202941894531,3.221397230859454,128.95648193359375,0.2130584716796875,1.001654907613535,88.77805806696415,3.220076642422635,0.23523345589637756,1.0018268176835952,63878.991088293464,20023331840,ok,
custom-kernels,32,8192,2,8192,4096,16384,39.965087890625,169.3559112548828,209.49427795410156,39.98873569071293,169.37917470932007,209.53345112502575,169.52919006347656,40.13836669921875,5.241932121541629,209.3209991455078,-0.17327880859375,0.9991728709237981,169.54471543431282,5.2398118496576584,-0.16554072499275208,0.9992099556223413,39256.44213443295,20023337984,ok,
custom-kernels,64,128,2,512,256,0,16.996095657348633,16.106239318847656,24.400127410888672,17.0181542634964,16.128435730934143,24.42682348191738,7.404031753540039,8.293888092041016,1.4356313298542036,33.10233497619629,8.702207565307617,1.356645988718248,7.408669218420982,1.4353391739028027,8.71976651251316,1.3569750491286026,23606.43410996933,19487403520,ok,
custom-kernels,64,128,2,512,256,4096,16.996095657348633,16.247360229492188,24.664031982421875,17.0181542634964,16.269654035568237,24.686165153980255,7.667936325073242,8.416671752929688,1.4511586943062327,33.24345588684082,8.579423904418945,1.3478516371748757,7.668010890483856,1.4505782925550033,8.601643145084381,1.3484398281965435,23353.84581120057,19487405568,ok,
custom-kernels,64,128,2,512,256,16384,16.996095657348633,29.748767852783203,34.565921783447266,17.0181542634964,29.770884662866592,34.589048475027084,17.569826126098633,4.8171539306640625,2.0337566038881367,46.744863510131836,12.17894172668457,1.3523395615769966,17.570894211530685,2.0324794298768287,12.199990451335907,1.3527125199799632,16663.811357573333,19487411712,ok,
custom-kernels,64,128,2,2048,1024,0,16.996095657348633,16.454208374023438,25.582975387573242,17.0181542634964,16.476215794682503,25.605585426092148,8.58687973022461,9.128767013549805,1.5052266063536708,33.45030403137207,7.867328643798828,1.3075220346582646,8.587431162595749,1.5046041438827251,7.888784632086754,1.3080884307393366,82554.90098410874,19595896320,ok,
custom-kernels,64,128,2,2048,1024,4096,16.996095657348633,22.54934310913086,27.746431350708008,17.0181542634964,22.571861743927002,27.76831015944481,10.750335693359375,5.197088241577148,1.6325179564820367,39.54543876647949,11.799007415771484,1.4252441428101135,10.75015589594841,1.631687533765473,11.821705847978592,1.4257265127081449,76117.89686770324,19595898368,ok,
custom-kernels,64,128,2,2048,1024,16384,16.996095657348633,43.2982063293457,48.206878662109375,17.0181542634964,43.331725522875786,48.23349975049496,31.210783004760742,4.908672332763672,2.836350161471707,60.294301986694336,12.087423324584961,1.250740634117962,31.215345486998558,2.8342380145157606,12.116380035877228,1.2512025894565715,43811.17505664255,19595904512,ok,
custom-kernels,64,128,2,4096,2048,0,16.996095657348633,29.00476837158203,35.2982063293457,17.0181542634964,29.026079922914505,35.32075136899948,18.30211067199707,6.293437957763672,2.0768420607284446,46.000864028930664,10.702657699584961,1.3032068428555572,18.302597105503082,2.0754748618516046,10.723482817411423,1.3036029076896498,117853.01386664287,19738216448,ok,
custom-kernels,64,128,2,4096,2048,4096,16.996095657348633,42.396095275878906,48.74348831176758,17.0181542634964,42.417680844664574,48.76638390123844,31.747392654418945,6.347393035888672,2.867922686154821,59.39219093322754,10.648702621459961,1.2184641064945934,31.748229637742043,2.8655507022780586,10.669451206922531,1.2187870076348142,85344.73309321399,19738218496,ok,
custom-kernels,64,128,2,4096,2048,16384,16.996095657348633,82.60185241699219,88.81327819824219,17.0181542634964,82.62407965958118,88.836420327425,71.81718254089355,6.21142578125,5.225510610717341,99.59794807434082,10.784669876098633,1.1214308276294669,71.8182660639286,5.22009725331832,10.80581359565258,1.12163720190239,46839.84291982069,19738224640,ok,
custom-kernels,64,128,2,8192,4096,0,16.996095657348633,61.747135162353516,70.47135925292969,17.0181542634964,61.769358813762665,70.49309648573399,53.475263595581055,8.724224090576172,4.146326348925899,78.74323081970215,8.271871566772461,1.1173791970874831,53.47494222223759,4.14222925672617,8.294416591525078,1.1176628209714643,117153.97698472482,20028460032,ok,
custom-kernels,64,128,2,8192,4096,4096,16.996095657348633,88.99139404296875,96.94258880615234,17.0181542634964,89.01329152286053,96.96594998240471,79.94649314880371,7.951194763183594,5.703815203242699,105.98748970031738,9.044900894165039,1.0933016232138317,79.94779571890831,5.697794747953057,9.065495803952217,1.0934915380666845,85163.80779255652,20028462080,ok,
custom-kernels,64,128,2,8192,4096,16384,16.996095657348633,169.3559112548828,176.7881317138672,17.0181542634964,169.37917470932007,176.81587859988213,159.79203605651855,7.432220458984375,10.401690792875067,186.35200691223145,9.563875198364258,1.0540979482369521,159.79772433638573,10.389838748797139,9.581450372934341,1.0541888570687492,46699.96746932307,20028468224,ok,
custom-kernels,64,2048,2,512,256,0,22.613759994506836,16.106239318847656,27.128192901611328,22.635724395513535,16.128435730934143,27.158210054039955,4.514432907104492,11.021953582763672,1.1996321225749766,38.71999931335449,11.591806411743164,1.4272974043565816,4.522485658526421,1.1997941651658734,11.605950072407722,1.4273459130522212,21232.52374712314,19487434240,ok,
custom-kernels,64,2048,2,512,256,4096,22.613759994506836,16.247360229492188,32.501407623291016,22.635724395513535,16.269654035568237,32.5278639793396,9.88764762878418,16.254047393798828,1.4372403187787441,38.86112022399902,6.359712600708008,1.1956749896626182,9.892139583826065,1.4370144913845442,6.377514451742172,1.1960631185556148,17722.309343526074,19487436288,ok,
custom-kernels,64,2048,2,512,256,16384,22.613759994506836,29.748767852783203,49.50454330444336,22.635724395513535,29.770884662866592,49.52729865908623,26.890783309936523,19.755775451660156,2.1891336653643014,52.36252784729004,2.8579845428466797,1.0577317626236975,26.891574263572693,2.18801474137504,2.8793103992938995,1.0581358256405866,11635.295703218824,19487442432,ok,
custom-kernels,64,2048,2,2048,1024,0,22.613759994506836,16.454208374023438,36.08448028564453,22.635724395513535,16.476215794682503,36.110157147049904,13.470720291137695,19.630271911621094,1.5956868868516294,39.06796836853027,2.983488082885742,1.082680644400819,13.47443275153637,1.5952728755703989,3.0017830431461334,1.0831284957005891,58529.31740408676,19595927040,ok,
custom-kernels,64,2048,2,2048,1024,4096,22.613759994506836,22.54934310913086,42.961185455322266,22.635724395513535,22.571861743927002,42.98791475594044,20.34742546081543,20.411842346191406,1.899780729332852,45.163103103637695,2.2019176483154297,1.0512536519879165,20.352190360426903,1.8991181375428288,2.219671383500099,1.0516347767995275,49160.65461453308,19595929088,ok,
custom-kernels,64,2048,2,2048,1024,16384,22.613759994506836,43.2982063293457,63.26163101196289,22.635724395513535,43.331725522875786,63.284214586019516,40.647871017456055,19.963424682617188,2.797483966723355,65.91196632385254,2.6503353118896484,1.0418948305551665,40.64849019050598,2.7957671457849447,2.6832353323698044,1.042399757189411,33385.16516592209,19595935232,ok,
custom-kernels,64,2048,2,4096,2048,0,22.613759994506836,29.00476837158203,50.107425689697266,22.635724395513535,29.026079922914505,50.12987367808819,27.49366569519043,21.102657318115234,2.215793645190759,51.61852836608887,1.5111026763916016,1.0301572602382225,27.494149282574654,2.2146352730829357,1.5319306403398514,1.0305592359992213,83021.62688943227,19738247168,ok,
custom-kernels,64,2048,2,4096,2048,4096,22.613759994506836,42.396095275878906,63.47929763793945,22.635724395513535,42.417680844664574,63.50252218544483,40.86553764343262,21.083202362060547,2.8071093729375107,65.00985527038574,1.530557632446289,1.0241111305480406,40.8667977899313,2.8054115289560255,1.5508830547332764,1.024422385148802,65533.17624474955,19738249216,ok,
custom-kernels,64,2048,2,4096,2048,16384,22.613759994506836,82.60185241699219,103.72598266601562,22.635724395513535,82.62407965958118,103.7523876875639,81.11222267150879,21.124130249023438,4.586852548678856,105.21561241149902,1.4896297454833984,1.0143612015735712,81.11666329205036,4.583568251437446,1.5074163675308228,1.0145289800179846,40105.66969892845,19738255360,ok,
custom-kernels,64,2048,2,8192,4096,0,22.613759994506836,61.747135162353516,84.71177673339844,22.635724395513535,61.769358813762665,84.73517745733261,62.0980167388916,22.964641571044922,3.7460279384753346,84.36089515686035,-0.35088157653808594,0.99585793628621,62.09945306181908,3.7434268052021062,-0.33009424805641174,0.9961044012892682,97459.8847806363,20028490752,ok,
custom-kernels,64,2048,2,8192,4096,4096,22.613759994506836,88.99139404296875,111.14908599853516,22.635724395513535,89.01329152286053,111.17551848292351,88.53532600402832,22.157691955566406,4.915108589882207,111.60515403747559,0.4560680389404297,1.0041032099800302,88.53979408740997,4.9115069851689315,0.4734974354505539,1.004259008115382,74278.61350212818,20028492800,ok,
custom-kernels,64,2048,2,8192,4096,16384,22.613759994506836,169.3559112548828,191.4910125732422,22.635724395513535,169.37917470932007,191.51491299271584,168.87725257873535,22.135101318359375,8.467897979803347,191.96967124938965,0.47865867614746094,1.002499640425497,168.8791885972023,8.460737091792593,0.49998611211776733,1.0026106902293128,43114.2949690248,20028498944,ok,
custom-kernels,64,8192,2,512,256,0,72.21148681640625,16.106239318847656,76.00045013427734,72.23454862833023,16.128435730934143,76.02364756166935,3.7889633178710938,59.89421081542969,1.0524703684263463,88.3177261352539,12.317276000976562,1.1620684611632488,3.789098933339119,1.0524554940162392,12.339336797595024,1.1623091918548834,7578.902479950119,19487532544,ok,
custom-kernels,64,8192,2,512,256,4096,72.21148681640625,16.247360229492188,81.72035217285156,72.23454862833023,16.269654035568237,81.74440078437328,9.508865356445312,65.47299194335938,1.131680786197092,88.45884704589844,6.738494873046875,1.0824579764266542,9.509852156043053,1.1316524064540678,6.759801879525185,1.0826943719039093,7048.427774536119,19487534592,ok,
custom-kernels,64,8192,2,512,256,16384,72.21148681640625,29.748767852783203,97.5835189819336,72.23454862833023,29.770884662866592,97.60732762515545,25.372032165527344,67.83475112915039,1.3513572879344578,101.96025466918945,4.376735687255859,1.0448511770524094,25.372778996825218,1.3512554515620532,4.398105666041374,1.0450591750952507,5902.6360804496035,19487540736,ok,
custom-kernels,64,8192,2,2048,1024,0,72.21148681640625,16.454208374023438,84.20195007324219,72.23454862833023,16.476215794682503,84.22530815005302,11.990463256835938,67.74774169921875,1.166046480767264,88.66569519042969,4.4637451171875,1.0530123721992752,11.990759521722794,1.165997569714446,4.485456272959709,1.0532554450850873,25082.554479592203,19596025344,ok,
custom-kernels,64,8192,2,2048,1024,4096,72.21148681640625,22.54934310913086,90.94451141357422,72.23454862833023,22.571861743927002,90.96824005246162,18.73302459716797,68.39516830444336,1.259418901660281,94.76082992553711,3.8163185119628906,1.0419631537147747,18.733691424131393,1.259345310240979,3.8381703197956085,1.042192421416333,23222.951744669735,19596027392,ok,
custom-kernels,64,8192,2,2048,1024,16384,72.21148681640625,43.2982063293457,112.95120239257812,72.23454862833023,43.331725522875786,112.97430470585823,40.739715576171875,69.65299606323242,1.5641722303786705,115.50969314575195,2.558490753173828,1.0226512927616425,40.739756077528,1.5639926718051085,2.591969445347786,1.0229429997564161,18698.340126202824,19596033536,ok,
custom-kernels,64,8192,2,4096,2048,0,72.21148681640625,29.00476837158203,99.94000244140625,72.23454862833023,29.026079922914505,99.96355324983597,27.728515625,70.93523406982422,1.3839903711648844,101.21625518798828,1.2762527465820312,1.0127701892676086,27.729004621505737,1.3838745468484934,1.2970753014087677,1.0129754821556516,41624.973968146165,19738345472,ok,
custom-kernels,64,8192,2,4096,2048,4096,72.21148681640625,42.396095275878906,113.29551696777344,72.23454862833023,42.417680844664574,113.31901513040066,41.08403015136719,70.89942169189453,1.5689403717142825,114.60758209228516,1.3120651245117188,1.011580909462507,41.08446650207043,1.5687647709057213,1.3332143425941467,1.01176514233785,36718.13423282493,19738347520,ok,
custom-kernels,64,8192,2,4096,2048,16384,72.21148681640625,82.60185241699219,153.40789794921875,72.23454862833023,82.62407965958118,153.43076921999454,81.1964111328125,70.80604553222656,2.1244251394414566,154.81333923339844,1.4054412841796875,1.0091614662802102,81.19622059166431,2.124063514391773,1.4278590679168701,1.009306210711031,27117.247909733094,19738353664,ok,
custom-kernels,64,8192,2,8192,4096,0,72.21148681640625,61.747135162353516,134.43426513671875,72.23454862833023,61.769358813762665,134.46199521422386,62.2227783203125,72.68712997436523,1.8616742441339078,133.95862197875977,-0.4756431579589844,0.9964618904453023,62.22744658589363,1.861463770003931,-0.4580877721309662,0.9965931803153661,61412.91427154902,20028589056,ok,
custom-kernels,64,8192,2,8192,4096,4096,72.21148681640625,88.99139404296875,160.7942352294922,72.23454862833023,89.01329152286053,160.81811487674713,88.58274841308594,71.80284118652344,2.226712706225018,161.202880859375,0.4086456298828125,1.0025414196553724,88.5835662484169,2.226332384302802,0.4297252744436264,1.002672119834093,51345.12433369701,20028591104,ok,
custom-kernels,64,8192,2,8192,4096,16384,72.21148681640625,169.3559112548828,241.6259765625,72.23454862833023,169.37917470932007,241.65003933012486,169.41448974609375,72.27006530761719,3.3460878208590388,241.56739807128906,-0.0585784912109375,0.9997575654238658,169.41549070179462,3.345352659064727,-0.03631599247455597,0.9998497165877762,34168.511670203094,20028597248,ok,
